Games,Basement,Level One,The Loft,Bilingual,Back-up?,Pieces,Category,Hidden,Notes,URL
...and the we held hands,-,-,i2,,,,Two Player,,,https://boardgamegeek.com/boardgame/153999/and-then-we-held-hands
(May Cause) Side Effects,,Window left of library,-,,,,Party,,,https://boardgamegeek.com/boardgame/282587/may-cause-side-effects
#Artbox,HA,-,-,,,,Party,,,https://boardgamegeek.com/boardgame/280304/artbox
10 Days In Europe,DA,-,-,,,,Light Strategy,,,https://boardgamegeek.com/boardgame/5867/10-days-europe
1313 Dead End Drive,Overflow,Overflow,Overflow,,,,Family,,,https://boardgamegeek.com/boardgame/4953/1313-dead-end-drive
17: Diciassette ,-,-,Loft SG - 84,(En/Fr),,,Light Strategy,,,https://boardgamegeek.com/boardgame/374062/17-diciassette
24 Countdown Game,,Overflow,Overflow,,,,Light Strategy,,,https://boardgamegeek.com/boardgame/27335/24-countdown-game
3 Wishes,,-,Loft SG - 80,,,,Light Strategy,,,https://boardgamegeek.com/boardgame/198836/3-wishes
3000 Scoundrels,,-,Top Shelf,,,,Strategy,,,https://boardgamegeek.com/boardgame/367525/3000-scoundrels
4000 A.D.,,Overflow,Overflow,(En/Fr),,,Strategy,,,https://boardgamegeek.com/boardgame/1435/4000-d
5 Minute Chase,Overflow,Overflow,Overflow,,,,Light Strategy,,,https://boardgamegeek.com/boardgame/249039/5-minute-chase
5 Minute Dungeon,AC,1F,H3,,,Y,Cooperative,,,https://boardgamegeek.com/boardgame/207830/5-minute-dungeon
5 Minute Marvel,AC,-,-,,,,Cooperative,,,https://boardgamegeek.com/boardgame/253618/5-minute-marvel
5 Second Rule,HA,9F,B4,,,Y,Party,,,https://boardgamegeek.com/boardgame/86073/5-second-rule
5 Second Rule: Uncensored,LB,13E,-,,,Y,Adult,,,https://boardgamegeek.com/boardgame/86073/5-second-rule
5 Towers,,-,Y,(En/Fr),,,Light Strategy,,,https://boardgamegeek.com/boardgame/400205/5-towers
6 nimmt!,,Lvl1 SG - 50,Loft SG - 80,(En/Fr),,,Light Strategy,,,https://boardgamegeek.com/boardgame/432/6-nimmt
7 Wonders,CA,8F,S4,(En/Fr),,Y,Strategy,,,https://boardgamegeek.com/boardgame/68448/7-wonders
7 Wonders Duel,AA,2F,i3,(En/Fr),Y,Y,Two Player,,,https://boardgamegeek.com/boardgame/173346/7-wonders-duel
7 Wonders: Architects,,5F,-,,,,Light Strategy,,,https://boardgamegeek.com/boardgame/346703/7-wonders-architects
8 ½,,-,Loft SG - 80,,,,Family,,,https://boardgamegeek.com/boardgame/13114/8-12
8 Bit Attack,DA,-,-,,,,Light Strategy,,,https://boardgamegeek.com/boardgame/287839/8-bit-attack
"90's Game, The",-,-,A5,,,,Trivia,,,https://boardgamegeek.com/boardgame/8221/90s-game
99 Ninja,-,2C,-,,,,Two Player,,,https://boardgamegeek.com/boardgame/367617/99-ninja
A La Carte,BC,-,-,(En/Fr),,,Family,,,https://boardgamegeek.com/boardgame/217/la-carte
A Little Wordy,AA,2C,i2,,,Y,Two Player,,,https://boardgamegeek.com/boardgame/335869/a-little-wordy
A Walk in the Park,-,-,Loft SG - 98,,,,Light Strategy,,,https://boardgamegeek.com/boardgame/342762/a-walk-in-the-park
Abandon Planet,,1F,-,,,,Semi-Cooperative/ Strategy,,,https://boardgamegeek.com/boardgame/207117/abandon-planet
Abracada… What?,DA,-,-,(En/Fr),,Y,Light Strategy,,,https://boardgamegeek.com/boardgame/163930/abracadawhat
Abyss,CA,-,-,,,,Strategy,,,https://boardgamegeek.com/boardgame/155987/abyss
Accomplices,-,2F,-,(En/Fr),,,Two Player,,,https://boardgamegeek.com/boardgame/364266/complices
Acquire,CA,-,-,,,,Strategy,,,https://boardgamegeek.com/boardgame/5/acquire
Adventure Games: Monochrome Inc,Overflow,Overflow,Overflow,,,,Cooperative,,,https://boardgamegeek.com/boardgame/267814/adventure-games-monochrome-inc
Adventure Games: The Dungeon,Overflow,Overflow,Overflow,,,,Cooperative,,,https://boardgamegeek.com/boardgame/267813/adventure-games-dungeon
Adventure Party: The Role-Playing Party Game,-,-,B5,,,,Party,,,https://boardgamegeek.com/boardgame/380106/adventure-party-the-role-playing-party-game
Aerion,-,-,Loft SG - 84,,,,Cooperative,,,https://boardgamegeek.com/boardgame/267127/aerion
Age of Innovation,-,-,Top Shelf,,,,Strategy,,,https://boardgamegeek.com/boardgame/383179/age-innovation
Aggravation,Overflow,Overflow,Overflow,(En/Fr),,,Family,,,https://boardgamegeek.com/boardgame/2272/aggravation
Agricola,-,-,Top Shelf,,,,Strategy,,,https://boardgamegeek.com/boardgame/31260/agricola
Agricola All Creatures Big and Small,-,-,i4,,,,Two Player,,,https://boardgamegeek.com/boardgame/119890/agricola-all-creatures-big-and-small
Agricola Family Edition,-,-,Top Shelf,(En/Fr),,,Strategy,,,https://boardgamegeek.com/boardgame/205418/agricola-family-edition
Ahoy,-,-,S4,,,,Strategy,,,https://boardgamegeek.com/boardgame/359402/ahoy
"Air, Land & Sea",-,-,i2,,,,Strategy,,,https://boardgamegeek.com/boardgame/247367/air-land-sea
Airlines Europe,-,-,Fireplace,(En/Fr),,,Strategy,,,https://boardgamegeek.com/boardgame/90419/airlines-europe
Akrotiri,-,2F,-,,Y,Y,Two Player,,out of print,https://boardgamegeek.com/boardgame/154458/akrotiri
Aladdin's Dragons,Overflow,Overflow,Overflow,,,,Strategy,,,https://boardgamegeek.com/boardgame/492/aladdins-dragons
Albion's Legacy,-,-,Top Shelf,,,,Strategy,,,https://boardgamegeek.com/boardgame/158973/albions-legacy
Alhambra,-,-,S5,(En/Fr),,,Strategy,,,https://boardgamegeek.com/boardgame/6249/alhambra
Alibi,Overflow,Overflow,Overflow,,,,Party,,,https://boardgamegeek.com/boardgame/1417/alibi
Alien Frontiers,-,-,S5,,,,Strategy,,,https://boardgamegeek.com/boardgame/48726/alien-frontiers
Alien Hotshot,Overflow,Overflow,Overflow,,,,Light Strategy,,,https://boardgamegeek.com/boardgame/1749/alien-hotshots
All Manor of Evil,Overflow,Overflow,Overflow,,,,Light Strategy,,,https://boardgamegeek.com/boardgame/250355/all-manor-evil
Allegory,-,-,M4,,,,Light Strategy / New,,,https://boardgamegeek.com/boardgame/322009/allegory
Altiplano,-,-,Vestibule,,,,Strategy,,,https://boardgamegeek.com/boardgame/234487/altiplano
Am I the Ass?,-,13B,-,,,,Adult,,,https://www.universitygames.com/games/party/01048
Anarchy Pancakes,KC,9D,-,,,,Party,,,https://boardgamegeek.com/boardgame/390151/anarchy-pancakes
Anaxi,-,-,Loft SG - 84,,,,Party,,,https://boardgamegeek.com/boardgame/194411/anaxi
And That's How I Died,-,9F,-,,,,Light Strategy,,,https://boardgamegeek.com/boardgame/388404/and-thats-how-i-died
Android: Mainframe,FB,6C,-,,,,Light Strategy,,,https://boardgamegeek.com/boardgame/193557/android-mainframe
Android: Netrunner,-,-,Fireplace,,,,Strategy,,,https://boardgamegeek.com/boardgame/124742/android-netrunner
Animal Upon Animal,-,4F,K4,(En/Fr),Y,,Dexterity / Family,,,https://boardgamegeek.com/boardgame/17329/animal-upon-animal
Animorphs: The Invasion Game,Overflow,Overflow,Overflow,(En/Fr),,,Family,,,https://boardgamegeek.com/boardgame/10317/animorphs-invasion-game
Anno 1800,-,-,Fireplace,,,,Strategy,,,https://boardgamegeek.com/boardgame/311193/anno-1800-the-board-game
Anomia (in deck boxes),-,Lvl1 SG - 51,-,,Y,,Party,,,https://boardgamegeek.com/boardgame/67877/anomia
Anomia Kids,-,-,Loft SG - 80,,,,Family / Party,,,https://boardgamegeek.com/boardgame/250834/anomia-kids
Anomia X,LA,13C,X3,,Y,Y,Adult,,,https://boardgamegeek.com/boardgame/225062/anomia-x
Anomia: Party Edition,HA,9F,B4,,Y,Y,Party,,,https://boardgamegeek.com/boardgame/142271/anomia-party-edition
Anomia: Pop Culture,-,9D,-,,,,Party,,,https://boardgamegeek.com/boardgame/376217/anomia-pop-culture
Antidote,Overflow,Overflow,Overflow,,,,Light Strategy,,,https://boardgamegeek.com/boardgame/150783/antidote
Apiary,-,-,Vestibule,,,,Strategy,,,https://boardgamegeek.com/boardgame/400314/apiary
Apples to Apples,-,9F,B5,,Y,Y,Party,,,https://boardgamegeek.com/boardgame/74/apples-apples
Apples to Apples: Big Picture,-,-,B5,,,,Party,,,https://boardgamegeek.com/boardgame/150539/big-picture-apples-apples
Appletters,Overflow,Overflow,Overflow,,,,Family,,,https://boardgamegeek.com/boardgame/58253/appletters
Aquarena,-,Top Shelf,-,(En/Fr),,,Family / Light Strategy,,,https://boardgamegeek.com/boardgame/342410/aquarena
Aquarium,DA,-,-,,,,Light Strategy,,,https://boardgamegeek.com/boardgame/36649/aquarium
Aquatica,-,-,S4,,,,Strategy,,,https://boardgamegeek.com/boardgame/283393/aquatica
Arboretum,-,-,Loft SG - 80,(En/Fr),,,Light Strategy,,,https://boardgamegeek.com/boardgame/140934/arboretum
Arbra Kadabra,-,-,M4,(En/Fr),,,Dexterity,,,https://boardgamegeek.com/boardgame/244150/arbra-kadabra
Arcana Rising,-,-,S4,,,,Strategy,X,,https://boardgamegeek.com/boardgame/309408/arcana-rising
Arch Ravels,-,5F,-,,,,Light Strategy,,,https://boardgamegeek.com/boardgame/255363/archravels
ArcheOlogic,-,-,Vestibule,,,,Strategy,,,https://boardgamegeek.com/boardgame/386148/archeologic
Arcs,-,-,S5,,,,Strategy,,,https://boardgamegeek.com/boardgame/359871/arcs
Are you the Traitor?,Overflow,Overflow,Overflow,,,,Party,,,https://boardgamegeek.com/boardgame/41541/are-you-traitor
Argent: The Consortium,-,-,Vestibule,,,,Strategy,,,https://boardgamegeek.com/boardgame/144797/argent-the-consortium
Argoat,Overflow,Overflow,Overflow,,,,Light Strategy,,,https://boardgamegeek.com/boardgame/226616/argoat
Ark Nova,-,-,S4,,,,Strategy,,,https://boardgamegeek.com/boardgame/342942/ark-nova
Arkadia,Overflow,Overflow,Overflow,(En/Fr),,,Light Strategy,,,https://boardgamegeek.com/boardgame/25643/arkadia
Arkham Horror,-,-,Top Shelf,,,Y,Cooperative,,,https://boardgamegeek.com/boardgame/15987/arkham-horror
Arkham Horror: Final Hour,AC,-,-,,,,Cooperative,,,https://boardgamegeek.com/boardgame/285773/arkham-horror-final-hour
Arkham Horror: The Card Game (2 players),-,-,i4,,,,Cooperative / Two Player,,,https://boardgamegeek.com/boardgame/205637/arkham-horror-card-game
Arkham Horror: The Card Game (4 players),-,,,,,,Cooperative,,,https://boardgamegeek.com/boardgame/205637/arkham-horror-card-game
Arkham Noir Collector Case #1: The Real Leeds,-,-,Loft SG - 80,,Y,Y,Strategy,,,https://boardgamegeek.com/boardgame/231573/arkham-noir-collector-case-1-real-leeds
Arkham Noir Collector Case #2: The King in Yellow,Overflow,Overflow,Overflow,,Y,,Solo,,,https://boardgamegeek.com/boardgame/231574/arkham-noir-collector-case-2-king-yellow
Art Robery,-,Lv1 SG - 50,-,(En/Fr),,,Light Strategy,,,https://boardgamegeek.com/boardgame/341935/art-robbery
Artifact or Fiction,Overflow,Overflow,Overflow,,,,Trivia,,,https://boardgamegeek.com/boardgame/116967/smithsonian-artifact-or-fiction
Ascending Empires,,-,Top Shelf,,,,Strategy,,,https://boardgamegeek.com/boardgame/37919/ascending-empires
Ascension: The Deckbuilding Game,,-,Top Shelf,,,,Strategy,,,https://boardgamegeek.com/boardgame/69789/ascension-deckbuilding-game
Ashes: Rise of the Phoenixborn,,-,Top Shelf,,,,Strategy,,,https://boardgamegeek.com/boardgame/167400/ashes-reborn-rise-phoenixborn
Astra,DA,-,-,,,,Light Strategy,,,https://boardgamegeek.com/boardgame/369270/astra
Attila,-,-,Loft SG - 80,(En/Fr),,,Two Player,,,https://boardgamegeek.com/boardgame/827/attila
Attribute,,-,Loft SG - 80,,,,Light Strategy,,,https://boardgamegeek.com/boardgame/4553/attribute
Auf Teufel Komm Raus,,-,M3,(En/Fr),,,Light Strategy,,,https://boardgamegeek.com/boardgame/137154/auf-teufel-komm-raus
Australia,,Overflow,Overflow,(En/Fr),,,Strategy,,,https://boardgamegeek.com/boardgame/15033/australia
Automobile,Overflow,Overflow,Overflow,(En/Fr),,,Strategy,,,https://boardgamegeek.com/boardgame/39351/automobile
Avalon,iC,9D,B4,,Y,Y,Party,,,https://boardgamegeek.com/boardgame/6187/avalon
"Awful Green Things from Outer Space, The",Overflow,Overflow,Overflow,,,,Two Player,,,https://boardgamegeek.com/boardgame/162/the-awful-green-things-from-outer-space
Awkward Guests: The Walton Case,-,-,S5,,,,New / Strategy,,,https://boardgamegeek.com/boardgame/188866/awkward-guests-the-walton-case
Awkward Moment,JC,-,-,,,,Party,,,https://boardgamegeek.com/boardgame/127506/awkward-moment
Axis and Allies 1941,,-,Top Shelf,,,,Strategy,,,https://boardgamegeek.com/boardgame/123185/axis-allies-1941
Axis and Allies 1942,,-,Top Shelf,,,,Strategy,,,https://boardgamegeek.com/boardgame/41863/axis-allies-1942
Axis and Allies Europe 1940,,-,Top Shelf,,,,Strategy,,,https://boardgamegeek.com/boardgame/61692/axis-allies-europe-1940
Axis and Allies Pacific,,-,Top Shelf,,,,Strategy,,,https://boardgamegeek.com/boardgame/1262/axis-allies-pacific
"Aye, Dark Overlord",iC,-,-,,,,Light Strategy,,,https://boardgamegeek.com/boardgame/18723/aye-dark-overlord-red-box
Azul,DB,5F,M4,(En/Fr),Y,,Light Strategy,,,https://boardgamegeek.com/boardgame/230802/azul
Azul Duel,-,2F,-,(En/Fr),,,Two Player,,,https://boardgamegeek.com/boardgame/431038/azul-duel
Azul: Stained Glass of Sintra,,-,M4,(En/Fr),,Y,Light Strategy,,,https://boardgamegeek.com/boardgame/256226/azul-stained-glass-sintra
Azul: Summer Pavilion,,-,M4,(En/Fr),,,Light Strategy,,,https://boardgamegeek.com/boardgame/287954/azul-summer-pavilion
Babylon,-,-,T5,(En/Fr),,,Strategy,,,https://boardgamegeek.com/boardgame/418354/babylon
Backgammon,-,2E,i4,(En/Fr),,,Two Player,,,https://boardgamegeek.com/boardgame/2397/backgammon
Backwards Game The,-,-,Loft SG - 84,,,,Trivia,,,https://boardgamegeek.com/boardgame/375565/game-backwards
Bad Choices,LB,13E,X3,,Y,,Adult,,,https://boardgamegeek.com/boardgame/308199/bad-choices
Bad Medicine ,,Overflow,Overflow,,,,Party,,,https://boardgamegeek.com/boardgame/170825/bad-medicine
Bad Opinions,LB,,,,,,Adult,,,https://boardgamegeek.com/boardgame/387489/bad-opinions
Bad People,LB,13E,X3,,Y,,Adult,,,https://boardgamegeek.com/boardgame/203661/bad-people
Bagh Chal,,Lvl1 SG - 52,-,,,,Light Strategy,,,https://boardgamegeek.com/boardgame/315/bagh-chal
Bahamas,,-,Loft SG - 95,,,,Light Strategy,,,https://boardgamegeek.com/boardgame/269917/bahamas
Balderdash,,9F,B4,,,,Party,,,https://boardgamegeek.com/boardgame/163/balderdash
Bamboleo,,Top Shelf,-,(En/Fr),,,Dexterity,,,https://boardgamegeek.com/boardgame/293/bamboleo
Bananagrams,KC,Fireplace,Y4,,,,Light Strategy,,,https://boardgamegeek.com/boardgame/27225/bananagrams
Bananagrams Duel!,-,Fireplace,i2,,,,Two Player,,,https://boardgamegeek.com/boardgame/27225/bananagrams
Bananya: The Card Game,DC,-,-,,,,Light Strategy,,,https://boardgamegeek.com/boardgame/344177/bananya-card-game
Bandada,-,-,i2,,,,New / Two Player,,,https://boardgamegeek.com/boardgame/306182/bandada
Bandu,HB,-,-,(En/Fr),,,Dexterity,,,https://boardgamegeek.com/boardgame/1231/bausack
Bang!,,Lvl1 SG - 52,Loft SG - 85,,,Y,Light Strategy,,,https://boardgamegeek.com/boardgame/3955/bang
Bang! The Dice Game,,Lvl1 SG - 52,Loft SG - 85,,,Y,Light Strategy,,,https://boardgamegeek.com/boardgame/143741/bang-dice-game
Bang! The Duel,-,-,i2,,,,Two Player,,,https://boardgamegeek.com/boardgame/182094/bang-duel
Bärenpark,,-,M2,(En/Fr),,,Light Strategy,,,https://boardgamegeek.com/boardgame/219513/barenpark
Bargain Quest,,-,M3,,,,Light Strategy,,,https://boardgamegeek.com/boardgame/223740/bargain-quest
Barony,,-,S3,(En/Fr),,,Strategy,,,https://boardgamegeek.com/boardgame/167513/barony
Barrakuda,,Lvl1 SG - 51,-,(En/Fr),,,Light Strategy,,,https://boardgamegeek.com/boardgame/362874/barrakuda
Barrel of Monkeys,,-,Y4,,,,Dexterity,,,https://boardgamegeek.com/boardgame/4149/barrel-monkeys
Batman: The Animated Series – Gotham City Under Siege ,-,-,M2,,,,Light Strategy,,,https://boardgamegeek.com/boardgame/252693/batman-animated-series-gotham-city-under-siege
Battle Line,-,-,i2,,,,Two Player,,,https://boardgamegeek.com/boardgame/760/battle-line
Battle of The Sexes,-,-,B5,,,Y,Trivia,,,https://boardgamegeek.com/boardgame/3510/battle-sexes
Battle of the Sexes: Simpsons,-,Top Shelf,-,,,,Trivia,,,https://www.walmart.com/ip/Battle-of-the-Sexes-Board-Game-The-Simpsons-Edition/33358424
Battle Sheep,DB,-,-,(En/Fr),,Y,Light Strategy,,,https://boardgamegeek.com/boardgame/54137/battle-sheep
BattleCON: Devastation of Indines,Overflow,Overflow,Overflow,,,,Strategy,,,https://boardgamegeek.com/boardgame/123123/battlecon-devastation-indines
Battleship,AA,2E,i4,,Y,Y,Two Player,,,https://boardgamegeek.com/boardgame/2425/battleship
Battleship Command: Pirates of the Caribbean,Overflow,Overflow,Overflow,,,,Two Player,,,https://boardgamegeek.com/boardgame/24009/battleship-command-pirates-caribbean
Battlestar Galactica,-,-,Top Shelf,,,,Strategy,,,https://boardgamegeek.com/boardgame/37111/battlestar-galactica-the-board-game
Beacon Patrol,-,-,H3,,,,LIght Strategy,,,https://boardgamegeek.com/boardgame/362976/beacon-patrol
Beardos,Overflow,Overflow,Overflow,,,,Party,,,https://boardgamegeek.com/boardgame/173700/beardos
Bears vs Babies,-,-,Y4,,,,Light Strategy,,,https://boardgamegeek.com/boardgame/211534/bears-vs-babies
Bears!,Overflow,Overflow,Overflow,(En/Fr),,,Light Strategy,,,https://boardgamegeek.com/boardgame/99081/bears
Beast,-,-,Top Shelf,,,,Strategy,,,https://boardgamegeek.com/boardgame/281549/beast
Beasty Bar,DC,-,-,(En/Fr),,,Light Strategy,,,https://boardgamegeek.com/boardgame/165950/beasty-bar
Beat The Parents,-,Overflow,Overflow,,,,Trivia,,,https://boardgamegeek.com/boardgame/20422/beat-parents
"Bed, wed, dead",LA,-,-,,,,Adult,,,https://boardgamegeek.com/boardgame/213602/bed-wed-dead-a-game-of-dirty-decisions
Beeeees!,DB,-,-,,,,Light Strategy,,,https://boardgamegeek.com/boardgame/195981/beeeees
Belfort,-,-,Top Shelf,,,,Strategy,,,https://boardgamegeek.com/boardgame/50750/belfort
Belratti,-,-,Loft SG - 85,,,,Light Strategy,,,https://boardgamegeek.com/boardgame/259374/belratti
"Best Friend Game, The",-,9E,-,,,,Party,,,https://boardgamegeek.com/boardgame/360158/the-best-friend-game
Bet on Your Friends,HC,9E,-,,,,Party,,,https://dssgames.com/products/bet-on-your-friends
Betrayal at Baldur's Gate,-,1F,S2,,,,Cooperative,,,https://boardgamegeek.com/boardgame/228660/betrayal-baldurs-gate
Betrayal at House on the Hill (2nd Edition),-,1F,-,,Y,,Strategy,,,https://boardgamegeek.com/boardgame/10547/betrayal-house-hill
Betrayal at House on the Hill (3rd Edition),CA,-,S2,,Y,,Strategy,,,https://boardgamegeek.com/boardgame/10547/betrayal-house-hill
Betrayal at the House on the Hill (French - 2nd Edition),-,Overflow,Overflow,(En/Fr),,,Strategy,,,https://boardgamegeek.com/boardgame/10547/betrayal-house-hill
Between Two Castles of Mad King Ludwig,,-,Top Shelf,,,,Strategy,,,https://boardgamegeek.com/boardgame/258036/between-two-castles-mad-king-ludwig
Between Two Cities,,-,S3,(En/Fr),,,Strategy,,,https://boardgamegeek.com/boardgame/168435/between-two-cities
Beyond Baker Street,,1F,H4,,,Y,Cooperative,,,https://boardgamegeek.com/boardgame/168681/beyond-baker-street
Beyond the Sun,,-,Top Shelf,,,,Strategy,,,https://boardgamegeek.com/boardgame/317985/beyond-sun
Bezzerwizzer,-,12F,-,,,Y,Trivia,,,https://boardgamegeek.com/boardgame/32441/bezzerwizzer
Biblios,,-,Loft SG - 95,(En/Fr),,,Light Strategy,,,https://boardgamegeek.com/boardgame/34219/biblios
Big Bang Theory: Fact or Fiction Trivia Game,-,-,A5,,,,Trivia,,,https://boardgamegeek.com/boardgame/115793/the-big-bang-theory-fact-or-fiction-game
Big Brain Academy,,Overflow,Overflow,,,,Party,,,https://boardgamegeek.com/boardgame/30485/big-brain-academy-boardgame
Bill Nye The Science Guy WAY COOL GAME O' SCIENCE,-,Overflow,Overflow,,,,Trivia,,,https://boardgamegeek.com/boardgame/49287/bill-nye-the-science-guy-way-cool-game-o-science
"Binding of Isaac, The: Four Souls",,Overflow,Overflow,,,,Light Strategy,,,https://boardgamegeek.com/boardgame/255664/the-binding-of-isaac-four-souls
Bioshock Infinite,-,-,Vestibule,,,,Two Player,,,https://boardgamegeek.com/boardgame/132428/bioshock-infinite-siege-columbia
Bite Night,,-,Overflow,(En/Fr),,,Party,,,https://boardgamegeek.com/boardgame/165952/bite-night
Black Fleet,,-,M3,,,,Light Strategy,,,https://boardgamegeek.com/boardgame/157403/black-fleet
Black Orchestra,,-,Top Shelf,,,,Cooperative,,,https://boardgamegeek.com/boardgame/156858/black-orchestra
Black Sheep,,-,K4,,,,Family,,,https://boardgamegeek.com/boardgame/36739/black-sheep
Black Spy,,-,Loft SG - 95,(En/Fr),,,Light Strategy,,,https://boardgamegeek.com/boardgame/1982/black-spy
Blackout: Hong Kong,,-,Vestibule,,,,Strategy,,,https://boardgamegeek.com/boardgame/262215/blackout-hong-kong
Blank Marry Kill,,13B,-,,,,Adult,,,https://boardgamegeek.com/boardgame/202516/blank-marry-kill
Blank Slate,-,14,-,,,,Party,,,https://boardgamegeek.com/boardgame/254188/blank-slate
Blank Slate: Challenge,-,14,-,,,,Party,,,https://boardgamegeek.com/boardgame/420090/blank-slate-challenge
Blended,HB,-,-,,,,Party,,,https://boardgamegeek.com/boardgame/369598/blended
Blockbuster,-,12F,-,,,,Trivia,,,https://boardgamegeek.com/boardgame/272438/blockbuster
Blokus,DB,5E,M2,(En/Fr),Y,,Light Strategy,,,https://boardgamegeek.com/boardgame/2453/blokus
Blokus 3D,,-,K5,(En/Fr),,,Light Strategy,,,https://boardgamegeek.com/boardgame/6411/blokus-3d
Blokus Duo,-,2E,i4,(En/Fr),Y,Y,Two Player,,,https://boardgamegeek.com/boardgame/16395/blokus-duo
Blood Bound,Overflow,Overflow,Overflow,,,,Party,,,https://boardgamegeek.com/boardgame/130877/blood-bound
Blood of an Englishman,Overflow,Overflow,Overflow,,,,Two Player,,,https://boardgamegeek.com/boardgame/206504/blood-englishman
Blood Rage,,-,S3,,,,Strategy,,,https://boardgamegeek.com/boardgame/170216/blood-rage
Blood Rage: 5th Player Expansion,,Overflow,Overflow,,,,Strategy,,,https://boardgamegeek.com/boardgame/170216/blood-rage
Bloodborne: The Card Game,,Overflow,Overflow,,,,Light Strategy,,,https://boardgamegeek.com/boardgame/195856/bloodborne-card-game
"Bloody Inn, The",,-,L5,,,Y,Light Strategy,,,https://boardgamegeek.com/boardgame/180593/bloody-inn
Blue Lagoon,,-,M3,(En/Fr),Y,,Light Strategy,,,https://boardgamegeek.com/boardgame/244331/blue-lagoon
Blueprints,,5E,Loft SG - 85,(En/Fr),,,Light Strategy,,,https://boardgamegeek.com/boardgame/140933/blueprints
Blurble,,-,Loft SG - 85,,,,Party,,,https://boardgamegeek.com/boardgame/121995/blurble
BLURT!,HB,-,B3,(En/Fr),Y,,Party,,,https://boardgamegeek.com/boardgame/1607/blurt
Bob Marley: Unity,-,-,L5,,,,Light Strategy,,,https://boardgamegeek.com/boardgame/329426/bob-marley-unity
Bob Ross: Happy Little Accidents,,-,D4,,,,Party,,,https://boardgamegeek.com/boardgame/256536/bob-ross-happy-little-accidents
Bob Ross: The Art of Chill,,-,M3,,,,Light Strategy,,,https://boardgamegeek.com/boardgame/231696/bob-ross-art-of-chill-game
Boggle,,-,Y2,,,,Family,,,https://boardgamegeek.com/boardgame/1293/boggle
"Boggle, Super Big",,5F,-,,,,Family,,,https://boardgamegeek.com/boardgame/130705/super-big-boggle
Bohnanza,,5D,Loft SG - 85,(En/Fr),,Y,Light Strategy,,,https://boardgamegeek.com/boardgame/11/bohnanza
Bohnaza: The Duel,-,-,i2,,,,Two Player,,,https://boardgamegeek.com/boardgame/205867/bohnanza-the-duel
Bold,,Overflow,Overflow,(En/Fr),,,Light Strategy,,,https://boardgamegeek.com/boardgame/220198/bold
Bomb Busters,-,14,-,,,,Cooperative / New / Strategy,,,https://boardgamegeek.com/boardgame/413246/bomb-busters
Bomb Squad Academy (Français),,Overflow,Overflow,(En/Fr),,,Light Strategy,,,https://www.lillojeux.ca/boutique/jeux-de-societe/bomb-squad-academy/
Bonsai,DB,-,-,,,,Light Strategy,,,https://boardgamegeek.com/boardgame/366994/bonsai
Boo-ty Call,,13E,-,,,,Adult,,,https://boardgamegeek.com/boardgame/362888/boo-ty-call
boop.,AA,2D,i3,,,,Two Player,,,https://boardgamegeek.com/boardgame/355433/boop
Bosk,-,-,M2,(En/Fr),,,Light Strategy,,,https://boardgamegeek.com/boardgame/252556/bosk
Boss Monster,,5E,Loft SG - 86,,,Y,Light Strategy,,,https://boardgamegeek.com/boardgame/131835/boss-monster-dungeon-building-card-game
Boss Monster 2,,-,Loft SG - 86,,,Y,Light Strategy,,,https://boardgamegeek.com/boardgame/174973/boss-monster-2-next-level
Boss Monster: Rise of the Mini Boss,,-,Loft SG - 86,,,,Light Strategy,,,https://boardgamegeek.com/boardgame/246855/boss-monster-rise-of-the-minibosses
Botanik,-,Overflow,Overflow,(En/Fr),,,Two Player,,,https://boardgamegeek.com/boardgame/271529/botanik
Bottle Imp,Overflow,Overflow,Overflow,,,,Family,,,https://boardgamegeek.com/boardgame/619/bottle-imp
Box of Rocks,iC,-,Y4,,,,Trivia,,,https://boardgamegeek.com/boardgame/202737/are-you-dumber-box-rocks
Brain Freeze NSFW,,13A,-,,,,Adult,,,https://boardgamegeek.com/boardgame/339976/brain-freeze
Braintopia / Cortex Challenge,,Lvl1 SG - 52,Loft SG - 86,,,Y,Party,,,https://boardgamegeek.com/boardgame/206175/braintopia
Braintopia: Kids,,-,Loft SG - 86,,,,Family,,,https://boardgamegeek.com/boardgame/251482/braintopia-kids
Brass: Birmingham,,-,S2,(En/Fr),,,Strategy,,,https://boardgamegeek.com/boardgame/224517/brass-birmingham
Brave Rats,-,-,i2,,,,Two Player,,,https://boardgamegeek.com/boardgame/112373/braverats
Brew,,8F,-,,,,Strategy,,,https://boardgamegeek.com/boardgame/332386/brew
Bridge Troll,,Overflow,Overflow,,,,Family,,,https://boardgamegeek.com/boardgame/40235/bridge-troll
Brilliants / Fourmidable,,-,Top Shelf,(En/Fr),,,Family,,,https://boardgamegeek.com/boardgame/181265/brilliants
Broadsides,-,Overflow,Overflow,,,,Two Player,,,https://boardgamegeek.com/boardgame/197285/merchants-marauders-broadsides
Broom Service,,-,S3,(En/Fr),,,Strategy,,,https://boardgamegeek.com/boardgame/172308/broom-service
Buffalo,,-,Loft SG - 95,,,,Party,,,https://boardgamegeek.com/boardgame/127505/buffalo
Buffy the Vampire Slayer: The Board Game,-,-,L5,,,,Light Strategy,,,https://boardgamegeek.com/boardgame/203102/buffy-vampire-slayer-board-game
Bunny Kingdom,CB,-,-,,,,Strategy,,,https://boardgamegeek.com/boardgame/184921/bunny-kingdom
Bus,,-,S4,(En/Fr),,,Strategy,,,https://boardgamegeek.com/boardgame/552/bus
But Wait there's More,HB,-,-,,,,Party,,,https://boardgamegeek.com/boardgame/114438/but-wait-theres-more
Butteryfly Garden,-,5E,-,,,,Light Strategy,,,https://boardgamegeek.com/boardgame/116954/butterfly-garden
Butts on Things,DC,-,-,,,,Party,,,https://boardgamegeek.com/boardgame/380889/butts-things
Buzzword,,-,B5,,,,Party,,,https://boardgamegeek.com/boardgame/8690/buzzword
C.S.I. Miami,Overflow,Overflow,Overflow,,,,Light Strategy,,,https://boardgamegeek.com/boardgame/18736/csi-miami
Cacao,,-,S1,(En/Fr),,,Strategy,,,https://boardgamegeek.com/boardgame/171499/cacao
Caffiene Rush,,Overflow,Overflow,,,,Light Strategy,,,https://boardgamegeek.com/boardgame/156599/caffeine-rush
Caldera Park,DD,-,-,,,,Light Strategy,,,https://boardgamegeek.com/boardgame/367047/caldera-park
Calico,-,5C,-,(En/Fr),,,Two Player,,,https://boardgamegeek.com/boardgame/283155/calico
California,,-,Fireplace,(En/Fr),,,Light Strategy,,,https://boardgamegeek.com/boardgame/21464/california
Caligula,,-,Vestibule,(En/Fr),,,Strategy,,,https://boardgamegeek.com/boardgame/50862/caligula
Call to Adventure: Epic Origins,-,-,Vestibule,,,,Strategy,,,https://boardgamegeek.com/boardgame/351077/call-to-adventure-epic-origins
Camel Up,DD,5D,M2,(En/Fr),,Y,Light Strategy,,,https://boardgamegeek.com/boardgame/153938/camel-up
Camel Up Cards,,-,Loft SG - 88,(En/Fr),,Y,Light Strategy,,,https://boardgamegeek.com/boardgame/192947/camel-cards
Camel Up: Off Season,,-,Vestibule,(En/Fr),,,Light Strategy,,,https://boardgamegeek.com/boardgame/335271/camel-season
Camille's Market,,-,Loft SG - 87,,,,Light Strategy,,,https://boardgamegeek.com/boardgame/344527/camilles-market
Canasta Deluxe,,-,Loft SG - 81,,,,Family,,,https://boardgamegeek.com/boardgame/17104/canasta
Candy Land,,4E,K4,(En/Fr),,Y,Family,,,https://boardgamegeek.com/boardgame/5048/candy-land
Canvas,,5D,-,(En/Fr),,,Light Strategy,,,https://boardgamegeek.com/boardgame/290236/canvas
Cappucino,,-,N3,,,,Light Strategy,,,https://boardgamegeek.com/boardgame/146818/cappuccino
Captain Carcass,,Overflow,Overflow,,,,LIght Strategy,,,https://boardgamegeek.com/boardgame/149155/dead-mans-draw
Captain Flip,,5B,-,(En/Fr),,,Light Strategy,,,https://boardgamegeek.com/boardgame/393325/captain-flip
"Captain is Dead, The",,-,H1,,,,Cooperative,,,https://boardgamegeek.com/boardgame/159503/the-captain-is-dead
Captain Obvious,-,-,B1,,,,Party,,,https://boardgamegeek.com/boardgame/423533/captain-obvious
Captain Sonar,,5D,-,(En/Fr),,,Light Strategy,,,https://boardgamegeek.com/boardgame/171131/captain-sonar
Caravan,,-,N4,,,,Light Strategy,,,https://boardgamegeek.com/boardgame/269789/caravan
Carcassonne,DD,8F,M1,(En/Fr),Y,Y,Strategy,,,https://boardgamegeek.com/boardgame/822/carcassonne
Carcassonne: Gold Rush,,-,M1,,,,Strategy,,,https://boardgamegeek.com/boardgame/163370/carcassonne-gold-rush
Carcassonne: South Seas,,-,M1,,,,Strategy,,,https://boardgamegeek.com/boardgame/147303/carcassonne-south-seas
Cardline: Animals ,-,Lvl1 SG - 55,-,,,,Trivia,,,https://boardgamegeek.com/boardgame/130882/cardline-animals
Cardline: Dinosaurs,Overflow,Overflow,Overflow,,,,Trivia,,,https://boardgamegeek.com/boardgame/163277/cardline-dinosaurs
Cardline: Globetrotter,Overflow,Overflow,Overflow,,,,Trivia,,,https://boardgamegeek.com/boardgame/145014/cardline-globetrotter
Cards,,3rd drawer,4th drawer,(En/Fr),,,Light Strategy,,,
Cards Against Humanity,LB,13E,X1,,Y,Y,Adult,,,https://boardgamegeek.com/boardgame/50381/cards-against-humanity
Careers,,-,K5,,,,Family,,,https://boardgamegeek.com/boardgame/1475/careers
Carnival of Monsters,,-,M5,,,,Light Strategy,,,https://boardgamegeek.com/boardgame/231484/carnival-monsters
Carpe Diem,,-,Top Shelf,(En/Fr),,,Strategy,,,https://boardgamegeek.com/boardgame/245934/carpe-diem
Cartaventura: Vinland,,-,Loft SG - 82,,,,Cooperative,,,https://boardgamegeek.com/boardgame/327077/cartaventura-vinland
Cascadia,,5B,-,(En/Fr),,,Light Strategy,,,https://boardgamegeek.com/boardgame/295947/cascadia
Cash 'N' Guns ,HC,9E,B3,,Y,Y,Party,,,https://boardgamegeek.com/boardgame/19237/ca-dollar-h-n-gun-dollar
Casting Shadows,,8E,-,,,,Strategy,,,https://boardgamegeek.com/boardgame/359502/casting-shadows
Castle Combo,-,14,-,,,,Light Strategy / New,,,https://boardgamegeek.com/boardgame/416851/castle-combo
Castle Panic ,,1E,H3,,Y,Y,Cooperative,,,https://boardgamegeek.com/boardgame/43443/castle-panic
Castles by the Sea,,-,S1,,,,Strategy,,,https://boardgamegeek.com/boardgame/357841/castles-sea
Castles of Burgundy,,-,T5,(En/Fr),,,Strategy,,,https://boardgamegeek.com/boardgame/84876/castles-burgundy
Castles of Mad King Ludwig,,-,S1,,,,Strategy,,,https://boardgamegeek.com/boardgame/155426/castles-mad-king-ludwig
Cat in the Box,,-,Loft SG - 87,(En/Fr),,,Light Strategy,,,https://boardgamegeek.com/boardgame/324345/cat-in-the-box
Cat Lady,,-,L5,,,,Light Strategy,,,https://boardgamegeek.com/boardgame/228504/cat-lady
Cat Tower,,Overflow,Overflow,(En/Fr),Y,,Dexterity,,,https://boardgamegeek.com/boardgame/150485/cat-tower
Catan,CB,8F & 15,T4 & Counter,,,Y,Strategy,,,https://boardgamegeek.com/boardgame/13/catan
Catan (6 player),-,15,Counter,,,,Strategy,,,https://boardgamegeek.com/boardgame/13/catan
Catan Junior,,-,K3,(En/Fr),,,Family,,,https://boardgamegeek.com/boardgame/184842/catan-junior
Catan: Brotherhood of the Watch,,-,Vestibule,,,,Strategy,,,https://boardgamegeek.com/boardgame/229218/game-thrones-catan-brotherhood-watch
Catan: Cities and Knights,,-,Top Shelf,,,Y,Strategy,,,https://boardgamegeek.com/boardgame/926/catan-cities-knights
Catan: Explorers and Pirates,,-,Vestibule,,,,Strategy,X,,https://boardgamegeek.com/boardgame/135378/catan-explorers-and-pirates
Catan: Rivals of Catan,-,-,i2,,Y,Y,Two Player,,,https://boardgamegeek.com/boardgame/66056/rivals-catan
Catan: Seafarers of Catan,,-,Bag at counter; box in T4,,,,Strategy,X,being repaired,https://boardgamegeek.com/boardgame/325/catan-seafarers
Catan: Settlers of America,,-,Fireplace,,,,Strategy,,,https://boardgamegeek.com/boardgame/67239/catan-histories-settlers-of-america-trails-to-rail
Catan: Star Trek,,-,T4,,,,Strategy,X,,https://boardgamegeek.com/boardgame/117985/star-trek-catan
Catan: Starfarers of Catan,,-,Fireplace,,,,Strategy,,,https://boardgamegeek.com/boardgame/282853/catan-starfarers
Catan: Struggle For Rome,,-,Fireplace,,,,Strategy,,,https://boardgamegeek.com/boardgame/25234/catan-histories-struggle-for-rome
Catan: The Settlers of the Stone Age,Overflow,Overflow,Overflow,,,,Strategy,,,https://boardgamegeek.com/boardgame/4394/settlers-stone-age
Catan: The Struggle for Catan,,-,Loft SG - 83,,,,Strategy,,,https://boardgamegeek.com/boardgame/91534/struggle-catan
Catch a Falling Star,,9C,P5,(En/Fr),,Y,Dexterity,,,https://boardgamegeek.com/boardgame/107649/catch-falling-star
"Catch Phrase: Uncensored (electronic, red)",,13D,XX,,,,Adult,,,https://boardgamegeek.com/boardgame/2582/catch-phrase
Catch Phrase!,,-,B3,,,,Party,,,https://boardgamegeek.com/boardgame/2582/catch-phrase
"Catch Phrase! (electronic, black)",,Window left of library,-,,,,Party,,,https://boardgamegeek.com/boardgame/2582/catch-phrase
Catch the moon,HD,-,P5,(En/Fr),Y,Y,Dexterity,,,https://boardgamegeek.com/boardgame/218129/catch-moon
Caution Signs,HE,9C,B3,,,,Party,,,https://boardgamegeek.com/boardgame/407805/caution-signs
Cave Paintings,,-,C5,,,,Party,,,https://boardgamegeek.com/boardgame/255712/cave-paintings
Caverna,,-,Fireplace,,,,Strategy,,,https://boardgamegeek.com/boardgame/102794/caverna-the-cave-farmers
Caverna: Cave vs Cave,-,-,J5,(En/Fr),,,Two Player,,,https://boardgamegeek.com/boardgame/220520/caverna-cave-vs-cave
Caylus,,-,Fireplace,(En/Fr),,,Strategy,,,https://boardgamegeek.com/boardgame/18602/caylus
CDSK (On a Scale of 1-10) (French version is TTMC),JD,12D,-,(En/Fr),,,Trivia,,,https://boardgamegeek.com/boardgame/383789/cdsk
Celtica,,Top Shelf,-,(En/Fr),,,Light Strategy,,,https://boardgamegeek.com/boardgame/21293/celtica
Centrix,,-,Counter,(En/Fr),,,Family,,,https://boardgamegeek.com/boardgame/243297/centrix
Century: A New World,,-,N3,(En/Fr),,,Light Strategy,,,https://boardgamegeek.com/boardgame/270970/century-new-world
Century: Eastern Wonders,,-,N3,(En/Fr),,Y,Light Strategy,,,https://boardgamegeek.com/boardgame/242574/century-eastern-wonders
Century: Golem Edition,,-,N3,(En/Fr),,,Light Strategy,,same as spice road,https://boardgamegeek.com/boardgame/232832/century-golem-edition
Century: Spice Road,DE,5C,N3,(En/Fr),,,Light Strategy,,,https://boardgamegeek.com/boardgame/209685/century-spice-road
Challengers,,8D,-,,,,Strategy,,,https://boardgamegeek.com/boardgame/359970/challengers
Chameleon - Stones,Overflow,Overflow,Overflow,(En/Fr),,,Light Strategy,,,https://boardgamegeek.com/boardgame/17576/chameleon
"Chameleon, The",HC,-,-,,,,Party,,,https://boardgamegeek.com/boardgame/17576/chameleon
Champions of Midgard,,-,T5,,,,Strategy,,,https://boardgamegeek.com/boardgame/172287/champions-midgard
Channel A,,Overflow,Overflow,,,,Party,,,https://boardgamegeek.com/boardgame/134637/channel
Charty Party,,13D,-,,Y,,Adult,,,https://boardgamegeek.com/boardgame/278413/charty-party
Checkers,-,2A,counter,(En/Fr),,Y,Two Player,,,https://boardgamegeek.com/boardgame/2083/checkers
Cheers to the Governor,,-,Loft SG - 84,,,,Party,,,https://boardgamegeek.com/boardgame/404048/cheers-to-the-governor
Cheese Master,,Lvl1 SG - 53,,,,,Family,,,https://boardgamegeek.com/boardgame/368168/cheese-master
Chess,AA,2D,J2,(En/Fr),,Y,Two Player,,,https://boardgamegeek.com/boardgame/171/chess
Chez Geek,DE,-,-,,,,Light Strategy,,,https://boardgamegeek.com/boardgame/553/chez-geek
Chicken Soup for the Soul,HD,-,-,,,,Party,,,https://boardgamegeek.com/boardgame/15406/chicken-soup-for-the-soul
Chimera Station,,Overflow,Overflow,,,,Strategy,,,https://boardgamegeek.com/boardgame/163642/chimera-station
China,,-,S1,(En/Fr),,,Light Strategy,,,https://boardgamegeek.com/boardgame/18100/china
Chinatown,,-,S1,(En/Fr),,,Strategy,,,https://boardgamegeek.com/boardgame/47/chinatown
Chinchiller Dice,,Overflow,Overflow,,,,Light Strategy,,,https://boardgamegeek.com/boardgame/337834/chinchiller-dice
Chinese Checkers (Sternhalma),,-,Counter,(En/Fr),,,Light Strategy,,,https://boardgamegeek.com/boardgame/2386/chinese-checkers
Chocolate Factory,Overflow,Overflow,Overflow,,,,Strategy,,,https://boardgamegeek.com/boardgame/240567/chocolate-factory
Choose One!,Overflow,Overflow,Overflow,,Y,,Party,,,https://boardgamegeek.com/boardgame/145897/choose-one
Choose Your Own Adventure: House of Danger,AC,-,-,,,,Cooperative,,,https://boardgamegeek.com/boardgame/251420/choose-your-own-adventure-house-danger
Chroma Mix,-,Lvl 1 SG - 55,-,,,,Light Strategy,,,https://boardgamegeek.com/boardgame/382241/chroma-mix
Chronicle,-,Overflow,Overflow,,,,Light Strategy,,,https://boardgamegeek.com/boardgame/54307/chronicle
Chronology,-,-,Loft SG - 81,,,,Trivia,,,https://boardgamegeek.com/boardgame/834/chronology
Chutes and Ladders,-,4E,K4,(En/Fr),,,Family,,,https://boardgamegeek.com/boardgame/5432/chutes-and-ladders
Cirkus,BC,-,-,(En/Fr),,,Family,,,https://boardgamegeek.com/boardgame/53804/cirkis
Citadels,-,missing,Loft SG - 87,,,Y,Party,,,https://boardgamegeek.com/boardgame/205398/citadels
Cities Skylines - The Board Game,-,Overflow,Overflow,,,,Strategy,,,https://boardgamegeek.com/boardgame/267370/cities-skylines-the-board-game
City of Horror,-,Overflow,Overflow,(En/Fr),,,Strategy,,,https://boardgamegeek.com/boardgame/120217/city-horror
Clank!,-,-,T4,,,,Strategy,,,https://boardgamegeek.com/boardgame/201808/clank-deck-building-adventure
Clank!: Catacombs,-,-,T4,,,,Strategy,,,https://boardgamegeek.com/boardgame/365717/clank-catacombs
Clash of Cultures,-,-,Top Shelf,,,,Strategy,,,https://boardgamegeek.com/boardgame/40765/clash-cultures
Claustophobia,-,Top Shelf,-,,,,Two Player,,,https://boardgamegeek.com/boardgame/36932/claustrophobia
Clearing Coffins,-,Overflow,Overflow,(En/Fr),,,Family,,,https://boardgamegeek.com/boardgame/171475/sarge-schubsen
Cleopatra and the Society of Architects,-,-,Fireplace,,,,Strategy,,,https://boardgamegeek.com/boardgame/22141/cleopatra-and-the-society-of-architects
Click Clack Lumberjack,-,4F,P5,,Y,Y,Dexterity,,,https://boardgamegeek.com/boardgame/39206/click-clack-lumberjack
"Climbers, The",-,-,N4,,,,Light Strategy,,,https://boardgamegeek.com/boardgame/34297/the-climbers
Clue,BC,4F,K4,(En/Fr),Y,Y,Family,,,https://boardgamegeek.com/boardgame/1294/clue
Clue Conspiracy,DE,-,-,,,,Light Strategy,,,https://boardgamegeek.com/boardgame/391824/clue-conspiracy
Clue: Dungeons & Dragons,-,-,K4,,,,Family,,,https://boardgamegeek.com/boardgame/294320/clue-dungeons-dragons
Clue: Harry Potter,-,4F,-,,,Y,Family,,,https://boardgamegeek.com/boardgame/38026/clue-harry-potter-edition
Clue: Legend of Zelda Collector's Edition,-,4F replacement ordered,-,,,Y,Family,,,https://boardgamegeek.com/boardgame/238041/clue-the-legend-of-zelda
Clue: The Card Game,-,Overflow,Overflow,,,,Family,,,https://boardgamegeek.com/boardgame/3269/clue-card-game
Coaster Park,-,Overflow,Overflow,,,,Light Strategy,,,https://boardgamegeek.com/boardgame/232895/coaster-park
Coatl,DF,-,-,(En/Fr),,,Light Strategy,,,https://boardgamegeek.com/boardgame/274841/coatl
Cobra Paw,HE,9E,-,,,Y,Party,,,https://boardgamegeek.com/boardgame/220700/cobra-paw
Cockroach Poker,-,Lvl1 SG - 53,Loft SG - 87,(En/Fr),,Y,Light Strategy,,,https://boardgamegeek.com/boardgame/11971/cockroach-poker
Cockroach Poker Royal,Overflow,Overflow,Overflow,(En/Fr),,,Light Strategy,,,https://boardgamegeek.com/boardgame/129736/kakerlakenpoker-royal
Code Stack!,-,-,Loft SG - 81,,,,Party,,,https://boardgamegeek.com/boardgame/11836/code-stack
Codenames,HE,9D,B1,,Y,Y,Party,,,https://boardgamegeek.com/boardgame/178900/codenames
Codenames XXL,-,9E,B1,,Y,Y,Party,,,https://boardgamegeek.com/boardgame/178900/codenames
Codenames: Deep Undercover,LA,13F,X5,,Y,,Adult,,,https://boardgamegeek.com/boardgame/205158/codenames-deep-undercover
Codenames: Disney,,9D,-,,,,Party,,,https://boardgamegeek.com/boardgame/220775/codenames-disney-family-edition
Codenames: Duet,AA,2C,i2,,Y,Y,Two Player,,,https://boardgamegeek.com/boardgame/224037/codenames-duet
Codenames: Harry Potter,,9D,B1,,,,Party,,,https://boardgamegeek.com/boardgame/249821/codenames-harry-potter
Codenames: Marvel,,9D,-,,,,Party,,,https://boardgamegeek.com/boardgame/220774/codenames-marvel
Codenames: Pictures,,9D,B1,,,Y,Party,,,https://boardgamegeek.com/boardgame/198773/codenames-pictures
Codenames: The Simpsons,,9D,-,,,,Party,,,https://boardgamegeek.com/boardgame/290028/codenames-simpsons
Color Addict,-,Lvl1 SG - 55,-,,,,Party,,,https://boardgamegeek.com/boardgame/124954/color-addict
Color Monster,,Overflow,Overflow,(En/Fr),,,Family,,,https://boardgamegeek.com/boardgame/256980/the-color-monster
Coloretto,,-,Loft SG - 86,(En/Fr),Y,Y,Light Strategy,,,https://boardgamegeek.com/boardgame/5782/coloretto
Colt Express,,5C,M1,(En/Fr),,Y,Light Strategy,,,https://boardgamegeek.com/boardgame/158899/colt-express
Columns,-,-,J5,(En/Fr),,,Two Player,,,https://boardgamegeek.com/boardgame/7870/columns
Compounded,DE,-,-,,,,Light Strategy,,,https://boardgamegeek.com/boardgame/118174/compounded
Concept,HD,9C,B2,,Y,Y ,Party,,,https://boardgamegeek.com/boardgame/147151/concept
Concept (Français),,9C,-,(En/Fr),,,Party,,,https://boardgamegeek.com/boardgame/147151/concept
Concept Kids: Animals,Overflow,Overflow,Overflow,,,,Family,,,https://boardgamegeek.com/boardgame/247314/concept-kids-animals
Concordia,,-,Top Shelf,,,,Strategy,,,https://boardgamegeek.com/boardgame/124361/concordia
Condottiere,,-,Loft SG - 88,(En/Fr),,,Light Strategy,,,https://boardgamegeek.com/boardgame/112/condottiere
Confessions: The Game of Secrets and Lies,,Overflow,Overflow,,,,Adult,,,https://boardgamegeek.com/boardgame/243673/confessions-game-secrets-and-lies
Connect 4,AB,2E,i3,(En/Fr),,Y,Two Player,,,https://boardgamegeek.com/boardgame/2719/connect-four
Connected Clues,,Lvl1 SG - 50,-,,,,Party,,,https://boardgamegeek.com/boardgame/367197/connected-clues
Connected Clues Uncensored,,13E,-,,,,Adult,,,https://boardgamegeek.com/boardgame/367197/connected-clues
Conquest of Planet Earth,,Overflow,Overflow,,,,Strategy,,,https://boardgamegeek.com/boardgame/71882/conquest-of-planet-earth-the-space-alien-game
Conquest of The Empire,,Overflow,Overflow,,,,Strategy,,,https://boardgamegeek.com/boardgame/97/conquest-empire
Conspiracy,-,-,-,(En/Fr),,,Family,,,https://boardgamegeek.com/boardgame/697/conspiracy
Conspiracy Theory,HF,-,-,,,,Party,,,https://boardgamegeek.com/boardgame/235399/conspiracy-theory
Conspiracy: The Solomon Gambit,,-,L5,,,,Light Strategy,,,https://boardgamegeek.com/boardgame/267991/conspiracy-solomon-gambit
Construction and Corruption,,Overflow,Overflow,(En/Fr),,,Strategy,,,https://boardgamegeek.com/boardgame/275065/construction-corruption
Convo and Chill,,13E missing,-,,,,Adult,X,,https://convoandchill.com/
Convo and Chill After Dark,,13C,-,,,,Adult,X,,https://convoandchill.com/product/convo-and-chill-after-dark-edition/
Coral,,5E,-,(En/Fr),,,Light Strategy,,,https://boardgamegeek.com/boardgame/343899/coral
Corinth,,5C,-,(En/Fr),,,Light Strategy,,,https://boardgamegeek.com/boardgame/269725/corinth
Cornucopia,,Overflow,Overflow,,,,Light Strategy,,,https://boardgamegeek.com/boardgame/62343/cornucopia
Cortex Challenge / Braintopia,,Lvl1 SG - 52,Loft SG - 86,,,Y,Party,,,https://boardgamegeek.com/boardgame/206175/braintopia
Cosmic Cow Collectors,,-,Loft SG - 95,,,,Light Strategy,,,https://boardgamegeek.com/boardgame/274784/cosmic-cow-collectors
Cosmic Encounter,CB,-,-,,,,Strategy,,,https://boardgamegeek.com/boardgame/39463/cosmic-encounter
Cosmic Factory,DF,-,-,(En/Fr),,,Light Strategy,,,https://boardgamegeek.com/boardgame/253379/cosmic-factory
Cosmoctopus,,5E,-,,,,Strategy,,,https://boardgamegeek.com/boardgame/362020/cosmoctopus
Costa Rica,,-,M5,,Y,,Light Strategy,,,https://boardgamegeek.com/boardgame/194100/costa-rica
Cottage Garden,,-,N4,(En/Fr),,,Light Strategy,,,https://boardgamegeek.com/boardgame/204027/cottage-garden
Council of Verona,,-,Loft SG 88,,,,Light Strategy,,,https://boardgamegeek.com/boardgame/165469/council-verona-second-edition
Coup,DD,Lvl1 SG - 54,Loft SG - 88,,Y,Y,Party ,,,https://boardgamegeek.com/boardgame/131357/coup
Coup Rebellion G54,,-,M5,,,,Light Strategy,,,https://boardgamegeek.com/boardgame/148943/coup-rebellion-g54
"Couples Game That's Actually Fun, The",-,Lvl1 SG - 53,-,,,,Two Player,,,https://boardgamegeek.com/boardgame/436628/the-couples-game-thats-actually-fun
Courtisans,- ,Lvl1 SG - 54,-,(En/Fr),,,Light Strategy,,,https://boardgamegeek.com/boardgame/402283/courtisans
Cover Your Assets,,-,Loft SG - 81,,,,Light Strategy,,,https://boardgamegeek.com/boardgame/121193/cover-your-assets
Coyote,,Lvl1 SG - 53,-,,,,Light Strategy,,,https://boardgamegeek.com/boardgame/317981/coyote
Crabs Adjust Humidity,,Overflow,-,,Y,,Adult,,,https://boardgamegeek.com/boardgame/145418/crabs-adjust-humidity-volume-one-unofficial-expans
Crack List,,Lvl1 SG - 51,-,,,,Party,,,https://boardgamegeek.com/boardgame/373284/crack-list
Crack the Case,,Overflow,Overflow,,,,Light Strategy,,,https://boardgamegeek.com/boardgame/1254/crack-the-case
Cranium,,-,B2,,Y (Cranium Wow),Y,Party,,,https://boardgamegeek.com/boardgame/891/cranium
Cranium Dark,,Overflow,-,,Y,,Adult,,,https://boardgamegeek.com/boardgame/204069/cranium-dark
Cranium Party Playoff,HE,-,-,,,,Party,,,https://boardgamegeek.com/boardgame/39994/cranium-party-playoff
Cranium WOW,,-,-,,Y,,Party,,,https://boardgamegeek.com/boardgame/33150/cranium-wow
Cranium: Hoopla ,,-,C2,,,,Cooperative / Party,,,https://boardgamegeek.com/boardgame/4424/cranium-hoopla
Cranium: Pop 5,,-,C2,,,,Party,X,,https://boardgamegeek.com/boardgame/24933/cranium-pop-5
Cranium: Whoonu,,-,B2,,,,Party,,,https://boardgamegeek.com/boardgame/16035/cranium-whoonu
Crazy Cat Lady,,Overflow,Overflow,,,,Family,,,https://boardgamegeek.com/boardgame/410611/crazy-cat-lady
Crazy Karts,,Top Shelf,-,,,,Light Strategy,,,https://boardgamegeek.com/boardgame/195518/crazy-karts
Crazy Pilot,-,Lvl1 SG - 54,-,(En/Fr),,,Light Strategy,,,https://boardgamegeek.com/boardgame/375448/crazy-pilot
Crazy Tower,HF,-,-,,,,Dexterity,,,https://boardgamegeek.com/boardgame/268952/crazy-tower
"Crew, The: Mission Deep Sea",-,-,Loft SG - 87,,,,Cooperative,,,https://boardgamegeek.com/boardgame/324856/the-crew-mission-deep-sea
"Crew, The: The Quest for Planet Nine",-,-,Loft SG - 87,,,,Cooperative,,,https://boardgamegeek.com/boardgame/284083/the-crew-the-quest-for-planet-nine
Cribbage,-,2C,Y2,(En/Fr),,,Two Player,,extra pegs in drawers,https://boardgamegeek.com/boardgame/2398/cribbage
"Crime Scene: Lazio, 1356",-,Overflow,Overflow,,,,Cooperative,,,https://boardgamegeek.com/boardgame/362858/crime-scene-lazio-1356
Crime Zoom: Bird of Ill Omen,-,Overflow,Overflow,,,,Cooperative,,,https://boardgamegeek.com/boardgame/321305/crime-zoom-bird-ill-omen
Cringeworthy,-,Overflow,Overflow,,,,Adult,,,https://boardgamegeek.com/boardgame/330288/cringeworthy
Crokinole,-,-,Loft Window,(En/Fr),,,Dexterity,,,https://boardgamegeek.com/boardgame/521/crokinole
Crossing,-,5B,-,(En/Fr),,,Light Strategy,,,https://boardgamegeek.com/boardgame/172971/crossing
Cryptid,EA,5B,N4,,,,Light Strategy,,,https://boardgamegeek.com/boardgame/246784/cryptid
CSI: The Board Game,-,Overflow,Overflow,,,,Light Strategy,,,https://boardgamegeek.com/boardgame/10715/csi-crime-scene-investigation-board-game
Cthulhu Tales,DF,-,-,,,,Light Strategy,,,https://boardgamegeek.com/boardgame/190015/cthulhu-tales
Cube Quest,-,Overflow,Overflow,,,,Dexterity / Two Player,,,https://boardgamegeek.com/boardgame/137330/cube-quest
Cubitos,-,-,S2,,,,New / Strategy,,,https://boardgamegeek.com/boardgame/298069/cubitos
Cult,-,-,Top Shelf,,,,Strategy,,,https://boardgamegeek.com/boardgame/67929/cult
Cupcake Empire,-,-,Top Shelf,,,,Strategy,,,https://boardgamegeek.com/boardgame/256067/cupcake-empire
Cursed Court,-,5B,-,,,,Light Strategy,,,https://boardgamegeek.com/boardgame/226213/cursed-court
Custom Heroes,-,-,N2,,,,Light Strategy,,,https://boardgamegeek.com/boardgame/223049/custom-heroes
Cutthroat Caverns,Overflow,Overflow,Overflow,,,,Cooperative,,,https://boardgamegeek.com/boardgame/28259/cutthroat-caverns
Cutthroat Kingdoms,-,Overflow,Overflow,,,,Light Strategy,,,https://boardgamegeek.com/boardgame/215213/cutthroat-kingdoms
CV,EA,-,-,,,,Light Strategy,,,https://boardgamegeek.com/boardgame/143986/cv
Cyclades,-,-,Vestibule,,,,Strategy,,,https://boardgamegeek.com/boardgame/54998/cyclades
Cyrano,-,-,Vestibule,(En/Fr),,,Party,,,https://boardgamegeek.com/boardgame/65272/cyrano
Dad Joke Face Off 2nd Edition,-,-,B2,,,,Party,,missing cards,https://boardgamegeek.com/boardgame/312590/dad-joke-face-off-2nd-ed
Danger the Game: Mythical Mayhem,iC,-,-,,,,Party,,,https://boardgamegeek.com/boardgame/377489/danger-game-mythical-mayhem
Danger: The Game,-,-,Loft SG - 90,,,,Party,,,https://boardgamegeek.com/boardgame/377489/danger-game-mythical-mayhem
Dark Moon,Overflow,Overflow,Overflow,,,,Strategy,,,https://boardgamegeek.com/boardgame/111124/dark-moon
Dark Souls,-,-,Top Shelf,,,,Strategy,,,https://boardgamegeek.com/boardgame/197831/dark-souls-the-board-game
Dark Souls: The Card Game,-,Overflow,Overflow,,,,Strategy,,,https://boardgamegeek.com/boardgame/242667/dark-souls-card-game
Dark Stories 2,-,Overflow,Overflow,,,,Party,,,https://boardgamegeek.com/boardgame/20750/black-stories-2
"Date Game That's Actually Fun, The",-,-,Loft SG - 108,,,,Two Player,,,https://www.boardgames.ca/the-date-game-thats-actually-fun.html
DaVinci's Challenge,AB,-,Vestibule,(En/Fr),,,Two Player,,,https://boardgamegeek.com/boardgame/17136/davincis-challenge
Daybreak,-,-,H5,,,,Cooperative,,,https://boardgamegeek.com/boardgame/334986/daybreak
DC Deckbuilder,-,-,N2,,,,Light Strategy,,,https://boardgamegeek.com/boardgame/125678/dc-comics-deck-building-game
Dead Drop,-,Overflow,Overflow,,,,Party,,,https://boardgamegeek.com/boardgame/161926/dead-drop
Dead Last,-,9C,C4,(En/Fr),,Y,Party,,,https://boardgamegeek.com/boardgame/184522/dead-last
Dead Man's Draw,-,Overflow,Overflow,(En/Fr),,,Party,,,https://boardgamegeek.com/boardgame/149155/dead-mans-draw
Dead of Winter,CC,-,-,,,,Party,,,https://boardgamegeek.com/boardgame/150376/dead-of-winter-a-crossroads-game
Dead of Winter: The Long Night,-,-,Top Shelf,,,,Strategy,,,https://boardgamegeek.com/boardgame/193037/dead-winter-long-night
Deadlines,-,12F,-,,,,Trivia,,,https://boardgamegeek.com/boardgame/318714/deadlines
Deal with the Devil,-,-,Top Shelf,,,,Strategy,,,https://boardgamegeek.com/boardgame/367379/deal-devil
Death note: The Confrontation,-,2D,-,,,,Two Player,X,Missing search grids. In damaged games.,https://boardgamegeek.com/boardgame/247578/death-note-confrontation
Debatable,-,13F,-,,,,Adult,,,https://boardgamegeek.com/boardgame/227026/debatable
Deception Murder in Hong Kong,-,-,B2,,Y,Y,Party,,,https://boardgamegeek.com/boardgame/156129/deception-murder-in-hong-kong
décorum,-,1D,-,,,,Cooperative,,,https://boardgamegeek.com/boardgame/344554/decorum
Decrypto,HF,9D,C4,,Y,Y,Light Strategy,,,https://boardgamegeek.com/boardgame/225694/decrypto
Deep Blue,-,-,Top Shelf,,,,Strategy,,,https://boardgamegeek.com/boardgame/283649/deep-blue
Deep Dive,-,5A,-,,,,Light Strategy,,,https://boardgamegeek.com/boardgame/376747/deep-dive
Deep Sea Adventure,-,-,Loft SG - 87,,Y,,Light Strategy,,,https://boardgamegeek.com/boardgame/169654/deep-sea-adventure
Demon Worker,EA,-,-,,,,Strategy,,,https://boardgamegeek.com/boardgame/216856/demon-worker
Detective Club,-,-,C4,,,,Party,,,https://boardgamegeek.com/boardgame/256788/detective-club
Detective: A Modern Crime Board Game,-,Overflow,Overflow,(En/Fr),,,Cooperative,,Requires an internet browser,https://boardgamegeek.com/boardgame/223321/detective-modern-crime-board-game
Diamonds,-,-,Loft SG - 89,(En/Fr),Y,,Family,,,https://boardgamegeek.com/boardgame/152162/diamonds
Dice Academy,-,-,Loft SG - 88,(En/Fr),,,Light Strategy,,,https://boardgamegeek.com/boardgame/271756/dice-academy
Dice Flick,EA,-,-,(En/Fr),,,Dexterity,,,https://boardgamegeek.com/boardgame/299933/dice-flick
Dice Hunters of Therion,-,5A,-,,,,Light Strategy,,,https://boardgamegeek.com/boardgame/362860/dice-hunters-therion
Dice Settlers,-,-,Top Shelf,,,,Strategy,,,https://boardgamegeek.com/boardgame/230267/dice-settlers
Dice Stars,-,Overflow,Overflow,,,,Light Strategy,,,https://boardgamegeek.com/boardgame/193210/dice-stars
Dice Town,EB,-,-,,Y,,Light Strategy,,,https://boardgamegeek.com/boardgame/40793/dice-town
Did I Win?,-,-,Loft SG - 82,,,,Trivia,,,https://www.hyggegames.com/product/did-i-win/
Die Hard: The Nakatomi Heist Board Games,Overflow,Overflow,Overflow,,,,Light Strategy,,,https://boardgamegeek.com/boardgame/275785/die-hard-nakatomi-heist-board-game
Dinosaur Island,-,-,Top Shelf,,,,Strategy,,,https://boardgamegeek.com/boardgame/221194/dinosaur-island
Dinosaur Tea Party,-,4F,-,,,,Family,,,https://boardgamegeek.com/boardgame/247160/dinosaur-tea-party
Diplomacy,-,-,Fireplace,(En/Fr),,,Strategy,,,https://boardgamegeek.com/boardgame/483/diplomacy
Dirty Minds,-,13F,-,,,Y,Adult,,,https://boardgamegeek.com/boardgame/158250/dirty-minds-the-ultimate-board-game-for-adults
Disney Space Mountain Game: All Systems Go!,GB,-,-,,,,Light Strategy,,,https://boardgamegeek.com/boardgame/371410/disney-space-mountain-game-all-systems-go
Disney Villainous: The Worst Takes All,GF,-,-,,,,Light Strategy,,,https://boardgamegeek.com/boardgame/256382/disney-villainous-the-worst-takes-it-all
Dixit,iA,9B,C4,(En/Fr),Y,Y,Party,,,https://boardgamegeek.com/boardgame/39856/dixit
Dixit: Disney Edition,-,9B,-,,,,Party,,,https://boardgamegeek.com/boardgame/381308/dixit-disney-edition
Dodo,-,-,K3,(En/Fr),,,Cooperative / Family,,,https://boardgamegeek.com/boardgame/295490/dodo
Dog Park,-,Top Shelf,-,,,,Light Strategy,,,https://boardgamegeek.com/boardgame/331401/dog-park
Domaine,Overflow,Overflow,Overflow,,,,Strategy,,,https://boardgamegeek.com/boardgame/5737/domaine
Dominant Species: The Card Game,-,Overflow,Overflow,,,,Strategy,,,https://boardgamegeek.com/boardgame/96260/dominant-species-card-game
Domination,-,Overflow,Overflow,(En/Fr),,,Strategy,,,https://boardgamegeek.com/boardgame/2145/domination
Dominion,-,-,T3,,Y,,Strategy,,,https://boardgamegeek.com/boardgame/36218/dominion
Dominion - Intrigue,CB,-,-,,,,Strategy,,,https://boardgamegeek.com/boardgame/40834/dominion-intrigue
Dominoes,-,2C,i2,(En/Fr),,,Two Player,,,https://boardgamegeek.com/boardgame/2394/dominoes
Don't Break the Ice (replacement ordered),,4E,-,(En/Fr),,Y,Family,,,https://boardgamegeek.com/boardgame/4888/dont-break-the-ice
Don't Go In There,Overflow,Overflow,Overflow,,,,Light Strategy,,,https://boardgamegeek.com/boardgame/346057/dont-go-there
Don't L.L.A.M.A. Dice,-,-,Loft SG - 94,,,,Light Strategy / New,,,https://boardgamegeek.com/boardgame/325853/dont-llama-dice
Don't Mess with Cthulhu,,-,Loft SG - 83,,,,Party,,,https://boardgamegeek.com/boardgame/253786/dont-mess-cthulhu-deluxe
Don't Talk to Strangers,,Lvl1 SG - 67,-,,,,Light Strategy,,,https://boardgamegeek.com/boardgame/325830/dont-talk-strangers
Don't Tip the Cows,,Window left of library,-,,,,Dexterity,,,https://boardgamegeek.com/boardgame/142537/dont-tip-cows
Don't Wake Daddy,,Overflow,Overflow,,,,Family,,,https://boardgamegeek.com/boardgame/6535/dont-wake-daddy
"Donkey, It's a Kick",iA,-,-,,,,Party,,,https://boardgamegeek.com/boardgame/95503/donkey-its-a-kick
Doodle Dash,,10D,-,,,,Party,,,https://boardgamegeek.com/boardgame/334379/doodle-dash
Doodle Dungeon,Overflow,Overflow,Overflow,,,,Light Strategy,,,https://boardgamegeek.com/boardgame/299939/doodle-dungeon
Doodle Heist,iA,-,-,,,,Party,,,https://boardgamegeek.com/boardgame/386048/doodle-heist
Doodle Quest ,BC,-,-,,,,Family,,,https://boardgamegeek.com/boardgame/152757/doodle-quest
Doomlings,,Lvl1 SG - 56,-,,,,Light Strategy,,,https://boardgamegeek.com/boardgame/324413/doomlings
Dorfromantik: The Board Game`,,-,T4,,,,Cooperative,,,https://boardgamegeek.com/boardgame/370591/dorfromantik-board-game
"Downfall of Pompeii, The",Overflow,Overflow,Overflow,,,,Strategy,,,https://boardgamegeek.com/boardgame/13004/the-downfall-of-pompeii
Downforce,,-,T3,,,,Light Strategy,,,https://boardgamegeek.com/boardgame/215311/downforce
Doxie Dash,,Overflow,Overflow,,,,Light Strategy,,,https://boardgamegeek.com/boardgame/251399/doxie-dash
Dr. Seuss Trivia Game,Overflow,Overflow,Overflow,,,,Trivia,,,https://boardgamegeek.com/boardgame/3740/dr-seuss-trivia-game
Dr. Shark,,Overflow,Overflow,(En/Fr),,,Light Strategy,,,https://boardgamegeek.com/boardgame/108783/dr-shark
Draftosaurus,-,-,N2,,,,Light Strategy / New,,,https://boardgamegeek.com/boardgame/264055/draftosaurus
Dragon Farkle,,5A,-,,,,Light Strategy,,,https://boardgamegeek.com/boardgame/128174/dragon-farkle
Dragon Market,EB,-,-,,,,Light Strategy,,,https://boardgamegeek.com/boardgame/274300/dragon-market
Dragon Run,,-,Loft SG - 96,,,,Light Strategy,,,https://boardgamegeek.com/boardgame/161138/dragon-run
Draw What?,,-,X4,,,Y,Adult,X,,https://boardgamegeek.com/boardgame/200290/draw-what
Draw Your Own Conclusions!,,9B,-,,,,Party,,,https://boardgamegeek.com/boardgame/273349/draw-your-own-conclusions
Drawing Without Dignity,LB,Overflow,Overflow,,Y,,Adult,,,https://boardgamegeek.com/boardgame/247473/drawing-without-dignity-adult-party-game-uncensore
Dreadful Circus,,5A,-,,,,Light Strategy,,,https://boardgamegeek.com/boardgame/329714/dreadful-circus
Dreams,iB,9B,C4,(En/Fr),,Y,Party,,,https://boardgamegeek.com/boardgame/205831/dreams
Dreams of Yesterday,-,-,Loft SG - 89,,,,New / Strategy,,,https://boardgamegeek.com/boardgame/378751/dreams-of-yesterday
Dreamwell,,5A,-,(En/Fr),Y,,Light Strategy,,,https://boardgamegeek.com/boardgame/180761/dreamwell
Drop It,,-,C5,,,Y,Party,,,https://boardgamegeek.com/boardgame/244916/drop-it
"Drunk, Stoned or Stupid: Master Edition",LA,13D,-,,,,Adult,,,https://boardgamegeek.com/boardgame/193295/drunk-stoned-or-stupid-a-party-game
dude,KC,Lvl1 SG - 56,-,,,,Party,,,https://boardgamegeek.com/boardgame/255618/dude
Duel Arena,,Overflow,Overflow,,,,Light Strategy,,,https://boardgamegeek.com/boardgame/365115/duel-arena
Duelosaur Island,-,-,Top Shelf,,,,Two Player,,,https://boardgamegeek.com/boardgame/247236/duelosaur-island
"Duke, The",-,-,i3,,Y,,Two Player,,,https://boardgamegeek.com/boardgame/36235/the-duke
Dune Imperium,,-,T2,,,,Strategy,,,https://boardgamegeek.com/boardgame/283355/dune
Dune Imperium (French),,Overflow,Overflow,(En/Fr),,,Strategy,,,https://boardgamegeek.com/geeksearch.php?action=search&amp;objecttype=boardgame&amp;q=dune%20Imperium
"Dune: A Game of Connquest, Diplomacy & Betrayal",,-,Vestibule,,,,Strategy,,,https://boardgamegeek.com/boardgame/283355/dune
Dungeon Busters,,-,Loft SG - 96,,,,Light Strategy,,,https://boardgamegeek.com/boardgame/172600/dungeon-busters
Dungeon Drop,,Overflow,Overflow,,,,Light Strategy,,,https://boardgamegeek.com/boardgame/262208/dungeon-drop
Dungeon Mayhem,,-,Loft SG - 89,,,,Light Strategy,,,https://boardgamegeek.com/boardgame/260300/dungeon-mayhem
Dungeon Raiders,,-,Loft SG - 81,,,,Light Strategy,,,https://boardgamegeek.com/boardgame/80771/dungeon-raiders
Dungeonology: The Expedition,,Overflow,Overflow,,,,Strategy,,,https://boardgamegeek.com/boardgame/267652/dungeonology-expedition
Dungeons & Dragons Essentials Kit,,-,Counter,,,,Cooperative,,,https://dnd.wizards.com/products/tabletop-games/rpg-products/essentials-kit
Dungeons & Dragons: The Yawning Portal,,-,R1,,,,Light Strategy,,,https://boardgamegeek.com/boardgame/367820/dungeons-dragons-yawning-portal
Durian,,-,Loft SG - 89,(En/Fr),,,Light Strategy,,,https://boardgamegeek.com/boardgame/307963/durian
Dutch Blitz,iC,Lvl1 SG - 56,Loft SG - 88,(En/Fr),,,Party,,,https://boardgamegeek.com/boardgame/148203/dutch-blitz
Earth,-,8E,-,,,,Strategy,,,https://boardgamegeek.com/boardgame/350184/earth
Easy Come Easy Go,Overflow,Overflow,Overflow,,,,Family,,,https://boardgamegeek.com/boardgame/10672/easy-come-easy-go
Echoes: The Cocktail (requires app),-,-,Loft SG - 89,,,,Cooperative,,,https://boardgamegeek.com/boardgame/342210/echoes-the-cocktail
Eclipse,-,-,Top Shelf,,,,Strategy,,,https://boardgamegeek.com/boardgame/72125/eclipse
Egizia,-,-,Vestibule,,,,Strategy,,,https://boardgamegeek.com/boardgame/58421/egizia
Eight Minute Empire,-,-,Loft SG - 89,(En/Fr),,,Light Strategy,,,https://boardgamegeek.com/boardgame/131366/eight-minute-empire
Eiyo,Overflow,Overflow,Overflow,,,,Cooperative / New / Solo / Strategy,,,https://boardgamegeek.com/boardgame/299946/eiyo
Elder Sign,-,Top Shelf,-,,,Y,Cooperative,,,https://boardgamegeek.com/boardgame/100423/elder-sign
Electronic Dream Phone,-,15,-,,,,Family,,,https://boardgamegeek.com/boardgame/6578/electronic-dream-phone
Elk Fest,-,2D,-,(En/Fr),,Y,Two Player,,,https://boardgamegeek.com/boardgame/403/elk-fest
Emberleaf,-,14,-,,,,Strategy,,,https://boardgamegeek.com/boardgame/426513/emberleaf
Eminent Domain,-,-,Vestibule,,,,Strategy,,,https://boardgamegeek.com/boardgame/68425/eminent-domain
Empire Builder,-,Top Shelf,-,,,,Strategy,,,https://boardgamegeek.com/boardgame/168/empire-builder
Empires of the Void II,-,-,Vestibule,,,,New / Strategy,,,https://boardgamegeek.com/boardgame/218509/empires-of-the-void-ii
Enchanted Forest,-,-,K3,(En/Fr),,Y,Family,,,https://boardgamegeek.com/boardgame/938/enchanted-forest
Endangered Orphans,Overflow,Overflow,Overflow,,,,Light Strategy,,,https://boardgamegeek.com/boardgame/207687/endangered-orphans-of-condyle-cove
Endeavor,Overflow,Overflow,Overflow,(En/Fr),,,Strategy,,,https://boardgamegeek.com/boardgame/33160/endeavor
Enigma,-,-,Fireplace,(En/Fr),,,Strategy,,,https://boardgamegeek.com/boardgame/127312/enigma
Enola Holmes: Finder of Lost Souls,-,5D,-,,,,Light Strategy,,,https://boardgamegeek.com/boardgame/369141/enola-holmes-finder-lost-souls
Ensemble,-,9A,-,(En/Fr),,,Party,,,https://boardgamegeek.com/boardgame/293665/ensemble
Epic Spell Wars Duel at Mt. Skullzfyre,-,6F,N1,,,,Light Strategy,,,https://boardgamegeek.com/boardgame/112686/epic-spell-wars-of-the-battle-wizards-duel-at-mt-s
Epic Spell Wars: Murdershroom Marsh,-,-,N1,,,,Light Strategy,,,https://boardgamegeek.com/boardgame/221366/epic-spell-wars-of-the-battle-wizards-melee-at-mur
Epic Spell Wars: Rumble at Castle Tentakill,-,-,N1,,Y,,Light Strategy,,,https://boardgamegeek.com/boardgame/173200/epic-spell-wars-battle-wizards-rumble-castle-tenta
Equilibrio,Overflow,Overflow,Overflow,(En/Fr),Y,,Dexterity,,,https://foxmind.com/games/equilibrio/
Equinox,EB,-,-,(En/Fr),,,Light Strategy,,,https://boardgamegeek.com/boardgame/329450/equinox
Escape From Colditz,Overflow,Overflow,Overflow,,,,Strategy,,,https://boardgamegeek.com/boardgame/715/escape-colditz
"Estates, The",-,-,Vestibule,,,,Strategy,,,https://boardgamegeek.com/boardgame/249381/the-estates
Euphoria: Build a Better Dystopia,-, -,U5,,,,Strategy,,,https://boardgamegeek.com/boardgame/133848/euphoria-build-better-dystopia
Everdell,-,-,T3,,,,Strategy,,,https://boardgamegeek.com/boardgame/199792/everdell
Everdell Duo,-,14,-,,,,New / Two Player,,,https://boardgamegeek.com/boardgame/425005/everdell-duo
Evergreen,-,-,T3,(En/Fr),,,Strategy,,,https://boardgamegeek.com/boardgame/363307/evergreen
Everyone's an Expert,-,-,Loft SG - 96,,,,Party,,,https://www.gamemaniacs.se/product.html/everyones-an-expert?category_id=24
Evolution,-,-,T2,,,,Strategy,,,https://boardgamegeek.com/boardgame/155703/evolution
Expedition to Newdale,-,-,Vesitbule,,,,New / Strategy,,,https://boardgamegeek.com/boardgame/272682/expedition-to-newdale
Expedition: Northwest Passage,-,-,Vestibule,(En/Fr),,,Strategy,,,https://boardgamegeek.com/boardgame/71074/expedition-northwest-passage-hms-terror-edition
Expeditions,-,-,T2,,,,Strategy,,,https://boardgamegeek.com/boardgame/379078/expeditions
Exploding Kittens,DC,Lvl1 SG - 57,Loft SG - 90,,Y,Y,Light Strategy,,,https://boardgamegeek.com/boardgame/155703/evolution
Exploding Kittens NSFW,LB,13C,X3,,,Y,Adult,,,https://boardgamegeek.com/boardgame/172242/exploding-kittens-nsfw-deck
Exploding Kittens Party Pack,-,Lvl1 SG - 57,-,,,,Light Strategy,,,https://boardgamegeek.com/boardgame/256804/exploding-kittens-party-pack
Exploding Kittens: Good Vs Evil,-,Lvl1 SG - 57,-,,,,Light Strategy,,,https://boardgamegeek.com/boardgame/395906/exploding-kittens-good-vs-evil
Exploding Minions,Overflow,Overflow,Overflow,,,,Light Strategy,,Re-skin of Exploding Kittens,https://boardgamegeek.com/boardgame/341164/exploding-minions
Eye Know,-,-,A4,,,,Trivia,,,https://boardgamegeek.com/boardgame/35665/eye-know
Eye of Horus,Overflow,Overflow,Overflow,,,,Light Strategy,,,https://boardgamegeek.com/boardgame/3398/eye-horus
Eye Remember,Overflow,Overflow,Overflow,(En/Fr),,,Party,,,https://boardgamegeek.com/boardgame/13321/eye-remember
F**k. The Game,-,13B - missing?,-,,,,Adult,,,https://boardgamegeek.com/boardgame/182168/fk-the-game
Fabula Rasa: Crime,-,6F,-,(En/Fr),,,Light Strategy,,,https://boardgamegeek.com/boardgame/346015/fabula-rasa-crime
Fact or Crap,-,-,C3,,,,Party,,,https://boardgamegeek.com/boardgame/3990/fact-or-crap
Fairy Ring,-,-,N1,,,,Light Strategy,,,https://boardgamegeek.com/boardgame/419074/fairy-ring
Fairy Tale,-,-,Loft SG - 96,,,,Light Strategy,,,https://boardgamegeek.com/boardgame/13823/fairy-tale
Fairy Tile,Overflow,Overflow,Overflow,,Y,,Family,,,https://boardgamegeek.com/boardgame/220780/fairy-tile
Fairy Trails,-,-,Loft SG - 82,(En/Fr),,,Two Player,,,https://boardgamegeek.com/boardgame/288775/fairy-trails
"Fake Artist Goes to New York, A",,-,Loft SG - 90,,,,Party,,,https://boardgamegeek.com/boardgame/135779/a-fake-artist-goes-to-new-york
Fallout,,Top Shelf,-,,,,Strategy,,,https://boardgamegeek.com/boardgame/232918/fallout
Family Guy Trivia Game,Overflow,Overflow,Overflow,,,,Trivia,,,https://boardgamegeek.com/boardgame/21881/family-guy-trivia-game
Fancy Feathers,-,-,Loft SG - 82,,,,Two Player,,,https://boardgamegeek.com/boardgame/363481/fancy-feathers
Fantastic Beasts: Perilous Pursuit,Overflow,Overflow,Overflow,,,,Family,,,https://boardgamegeek.com/boardgame/254193/fantastic-beasts-perilous-pursuit
Fantasy Realms,-,Lvl1 SG - 58,-,,,,Light Strategy,,,https://boardgamegeek.com/boardgame/223040/fantasy-realms
Faraway,-,Lvl1 SG - 58,-,(En/Fr),,,Light Strategy,,,https://boardgamegeek.com/boardgame/385761/faraway
Farm Rescue,-,4E,-,,,,Family,,,https://boardgamegeek.com/boardgame/271045/farm-rescue
Fart: The Explosive Card Game,Overflow,Overflow,Overflow,,,,Family,,,https://www.walmart.ca/en/ip/fart-card-game-na/PRD1WY5PPPE5EA4
Felicity the Cat in the Sack,-,-,Loft SG - 96,(En/Fr),,,Light Strategy,,,https://boardgamegeek.com/boardgame/32125/felicity-cat-sack
Festival,-,6E,-,,,,Light Strategy,,,https://boardgamegeek.com/boardgame/413948/festival
Fickle,-,-,N2,,,,Light Strategy / New,,,https://boardgamegeek.com/boardgame/270350/fickle
Fiction,-,-,Loft SG - 91,,,,Light Strategy / New,,,https://boardgamegeek.com/boardgame/380439/fiction
Fiesta de los Muertos,-,9A,C3,,Y,,Party,,,https://boardgamegeek.com/boardgame/285253/fiesta-de-los-muertos
Fight for Olympus,-,2D,-,,Y,,Two Player,,,https://boardgamegeek.com/boardgame/192834/fight-olympus
Final Touch,Overflow,Overflow,Overflow,,,,Light Strategy,,,https://boardgamegeek.com/boardgame/192701/final-touch
Finca,CC,-,-,,,,Strategy,,,https://boardgamegeek.com/boardgame/40628/finca
Fine Sand,-,-,T2,,,,New / Strategy,,,https://boardgamegeek.com/boardgame/257733/fine-sand
Finspan,-,14,-,,Y,,Strategy,,,https://boardgamegeek.com/boardgame/436126/finspan
Fire & Stone: Siege of Vienna 1683,-,-,Vestibule,,,,Two Player,,,https://boardgamegeek.com/boardgame/362868/fire-stone-siege-vienna-1683
Fireball Island: The Curse of Vul-Tar,-,-,K5,,Y,,Family,,,https://boardgamegeek.com/boardgame/233020/fireball-island-curse-vul-kar
First Class,-,-,Top Shelf,(En/Fr),,,Strategy,,,https://boardgamegeek.com/boardgame/206941/first-class-all-aboard-the-orient-express
First Contact,-,6E,-,,,,Light Strategy,,,https://boardgamegeek.com/boardgame/258309/first-contact
First Empires,-,Overflow,Overflow,,,,Light Strategy,,,https://boardgamegeek.com/boardgame/353304/first-empires
First Martians,-,-,Vestibule,,,,Cooperative,,,https://boardgamegeek.com/boardgame/192455/first-martians-adventures-on-the-red-planet
First to Worst,-,10D,-,,,,Party,,,https://boardgamegeek.com/boardgame/420370/first-to-worst-the-party-game-about-how-your-frien
Fishing Day,-,-,K3,(En/Fr),,,Family,,,https://boardgamegeek.com/boardgame/271815/fishing-day
"Fistful of Meeples, A",-,-,N2,,,,Light Strategy / New,,,https://boardgamegeek.com/boardgame/277699/a-fistful-of-meeples
Fit to Print,-,8D,-,,,,Strategy,,,https://boardgamegeek.com/boardgame/352574/fit-print
Five Tribes,-,8E,-,(En/Fr),,,Strategy,,,https://boardgamegeek.com/boardgame/157354/five-tribes
Fjords,EC,-,-,(En/Fr),,,Light Strategy,,,https://boardgamegeek.com/boardgame/322564/fjords
Flamecraft,-,-,T1,,,,Strategy,,,https://boardgamegeek.com/boardgame/336986/flamecraft
Flamme Rouge,-,-,N1,(En/Fr),,,Light Strategy,,,https://boardgamegeek.com/boardgame/199478/flamme-rouge
Flash 10,-,-,Loft SG - 91,(En/Fr),,,Light Strategy,,,https://boardgamegeek.com/boardgame/146152/flash-10
Flash Point: Fire Rescue,-,1D,H3,(En/Fr),,,Cooperative,,,https://boardgamegeek.com/boardgame/100901/flash-point-fire-rescue
Flatline,-,-,Vestibule,,,,Cooperative,,,https://boardgamegeek.com/boardgame/216597/flatline
Flatter Me,-,-,J2,,,,Two Player,,,https://boardgamegeek.com/boardgame/308696/flatter-me
Flick Em' Up,-,-,Top Shelf,(En/Fr),,,Dexterity,,,https://boardgamegeek.com/boardgame/169124/flick-em-up
Flip 7,-,-,Loft SG - 89,,,,Light Strategy,,,https://boardgamegeek.com/boardgame/420087/flip-7
Flip City,Overflow,Overflow,Overflow,,,,Light Strategy,,,https://boardgamegeek.com/boardgame/168679/flip-city
Floating Floors,-,6E,-,,,,Light Strategy,,,https://boardgamegeek.com/boardgame/334712/floating-floors
Florence,-,-,Vestibule,,,,New / Strategy,,,https://boardgamegeek.com/boardgame/317411/florence
Floriferous,-,14,-,,,,Light Strategy / New,,,https://boardgamegeek.com/boardgame/322622/floriferous
Floristry,2D,-,-,,,,New / Two Player,,,https://boardgamegeek.com/boardgame/417518/floristry
Fluster,-,-,Loft SG - 90,,,,Party,,,https://flustergame.com
Fluxx,-,Lvl1 SG - 58,Loft SG - 91,,,Y,Light Strategy,,,https://boardgamegeek.com/boardgame/258/fluxx
Fluxx: Cthulhu,-,-,Loft SG - 91,,,,Light Strategy,,,https://boardgamegeek.com/boardgame/122159/cthulhu-fluxx
Fluxx: Monty Python,-,-,Loft SG - 96,,,,Light Strategy,,,https://boardgamegeek.com/boardgame/36345/monty-python-fluxx
Fluxx: Star Trek,-,-,Loft SG - 91,,,,Light Strategy,,,https://boardgamegeek.com/boardgame/246531/star-trek-fluxx
Fluxx: Star Trek the Next Generation,-,-,Loft SG - 91,,,,Light Strategy,,,https://boardgamegeek.com/boardgame/246530/star-trek-next-generation-fluxx
Fluxx: Zombie,-,-,Loft SG - 91,,,,Light Strategy,,,https://boardgamegeek.com/boardgame/29387/zombie-fluxx
Focus,-,14,-,(En/Fr),,,New / Two Player,,,https://boardgamegeek.com/boardgame/386989/focus
Fog of Love,-,-,J5,,Y,,Two Player,,,https://boardgamegeek.com/boardgame/175324/fog-love
Food Fighters,-,2C,J2,,,Y,Two Player,,,https://boardgamegeek.com/boardgame/178839/foodfighters
Foodies,-,Overflow,Overflow,,,,Light Strategy,,,https://boardgamegeek.com/boardgame/280896/foodies
For Sale ,-,-,Loft SG - 90,(En/Fr),,,Light Strategy,,,https://boardgamegeek.com/boardgame/172/sale
For the Girls,LC,13E,X3,,Y,,Adult,,,https://whatdoyoumeme.com/products/for-the-girls
Forbidden Desert,AD,1E,H4,,Y,Y,Cooperative,,,https://boardgamegeek.com/boardgame/136063/forbidden-desert
Forbidden Island,AD,1E,H4,,Y,Y,Cooperative,,,https://boardgamegeek.com/boardgame/65244/forbidden-island
Forbidden Jungle,-,-,H4,,,,Cooperative,,,https://boardgamegeek.com/boardgame/380226/forbidden-jungle
Forbidden Sky,-,1E,H4,,,,Cooperative,,,https://boardgamegeek.com/boardgame/245271/forbidden-sky
Forest Shuffle,-,8E,-,,,,Strategy,,,https://boardgamegeek.com/boardgame/391163/forest-shuffle
Forever Home,-,Top Shelf,-,,,,Light Strategy,,,https://boardgamegeek.com/boardgame/385999/forever-home
Fork Milk Kidnap,LC,13C,-,,,,Adult,,,https://shop.hasbro.com/en-us/product/fork-milk-kidnap-party-game-for-adults-only-hilarious-nsfw-adult-card-games-for-3-to-10-players-ages-17-plus/5D3136F5-961E-4650-A037-381B99269893
Formula D,-,-,Top Shelf,(En/Fr),,,Strategy,,,https://boardgamegeek.com/boardgame/37904/formula-d
Fort,CC,-,-,,,,Strategy,,,https://boardgamegeek.com/boardgame/296912/fort
Founders of Gloomhaven,-,Overflow,Overflow,,,,Strategy,,,https://boardgamegeek.com/boardgame/214032/founders-gloomhaven
Four Gardens,-,6F,-,(En/Fr),,,Strategy,,,https://boardgamegeek.com/boardgame/296043/four-gardens
Fourmidable / BrilliAnts,-,-,Top Shelf,(En/Fr),,,Family,,,https://boardgamegeek.com/boardgame/181265/brilliants
"Fox in the Forest, The",-,2C,-,,,,Two Player,,,https://boardgamegeek.com/boardgame/221965/the-fox-in-the-forest
Fox Matters,-,-,Vestibule,,,,Cooperative / Light Strategy / New,,,https://boardgamegeek.com/boardgame/314893/fox-matters
Foxy,-,-,K3,(En/Fr),,,Family,,,https://boardgamegeek.com/boardgame/359318/foxy
Frag Gold Edition,-,-,N5,,,,Light Strategy,,,https://boardgamegeek.com/boardgame/2025/frag
Framework,-,6E,-,,,,Light Strategy,,,https://boardgamegeek.com/boardgame/353152/framework
Fresco,-,-,Top Shelf,,,,Strategy,,,https://boardgamegeek.com/boardgame/66188/fresco
Friday the 13th,-,Overflow,Overflow,,,,Light Strategy,,,https://boardgamegeek.com/boardgame/17025/friday-13th
Friday: A Solo Adventure,Overflow,Overflow,Overflow,,,,Light Strategy,,,https://boardgamegeek.com/boardgame/43570/friday
Frog Soup,-,4E,-,,,,Family,,,https://boardgamegeek.com/boardgame/266155/frog-soup
Frogger: The Board Game,EC,-,-,,,,Light Strategy,,,https://boardgamegeek.com/boardgame/341563/frogger-board-game
Fruit Ninja: Combo Party,EC,-,-,(En/Fr),,,Light Strategy,,,https://boardgamegeek.com/boardgame/237153/fruit-ninja-combo-party
Fun Facts,-,10D,-,,,,Party,,,https://boardgamegeek.com/boardgame/370164/fun-facts
Fun Farm,iB,9A,C2,(En/Fr),,,Party,,,https://boardgamegeek.com/boardgame/145501/fun-farm
Funemployed,-,13F,X5,,Y,,Adult,,,https://boardgamegeek.com/boardgame/142296/funemployed
Funglish,-,-,C3,(En/Fr),,,Party,,,https://boardgamegeek.com/boardgame/62709/funglish
Funkoverse Strategy Game: Harry Potter,-,-,N1,,,,Light Strategy,,,https://boardgamegeek.com/boardgame/292032/funkoverse-strategy-game-harry-potter-100
Funny Lines,iB,Overflow,Overflow,,,,Party,,,https://boardgamegeek.com/boardgame/378908/funny-lines
Fury Of Dracula,-,-,Top Shelf,,,,Strategy,,,https://boardgamegeek.com/boardgame/181279/fury-dracula-thirdfourth-edition
"Fuzzies, The",-,10F,-,,,,Dexterity,,,https://boardgamegeek.com/boardgame/314421/the-fuzzies
Fyfe,-,6F,-,(En/Fr),,,Light Strategy,,,https://boardgamegeek.com/boardgame/353150/fyfe
Gaia Project,-,-,Top Shelf,(En/Fr),,,Strategy,,,https://boardgamegeek.com/boardgame/220308/gaia-project
Galactic Emperor,Overflow,Overflow,Overflow,,,,Strategy,,,https://boardgamegeek.com/boardgame/27463/galactic-emperor
Galaxy Trucker,ED,-,-,,,,Strategy,,,https://boardgamegeek.com/boardgame/31481/galaxy-trucker
"Game of Life, The",BD,4D,K1,,,Y,Family,,,https://boardgamegeek.com/boardgame/2921/game-of-life
"Game of Life, The: Pirates of the Caribbean - Dead Man's Chest",Overflow,Overflow,Overflow,,,,Family,,,https://boardgamegeek.com/boardgame/13703/the-game-of-life-pirates-of-the-caribbean
Game of Nasty Things ,-,13D,X5,,,,Adult,,,https://boardgamegeek.com/boardgame/182090/the-game-of-nasty-things
Game of Phones,-,Overflow,Overflow,,,,Party,,,https://boardgamegeek.com/boardgame/179701/game-of-phones
"Game of Things, The",--,-,Loft SG - 92,,,,Party,,,https://boardgamegeek.com/boardgame/10934/the-game-of-things
Game of Thrones HBO Trivia Game,-,12E,A4,,,,Trivia,,,https://boardgamegeek.com/boardgame/188793/game-of-thrones-the-trivia-game
Game of Thrones: The Boardgame,-,-,Top Shelf,,,Y,Strategy,,,https://boardgamegeek.com/boardgame/103343/a-game-of-thrones-the-board-game-second-edition
Game of Thrones: Westeros Intrigue,-,-,missing,,,,Strategy,X,,https://boardgamegeek.com/boardgame/155693/game-of-thrones-westeros-intrigue
"Game of Wolf, The",-,12A,-,,,,Trivia,,,https://boardgamegeek.com/boardgame/269077/the-game-of-wolf
"Game, The",-,Lvl1 SG - 59,Loft SG - 91,,Y,,Cooperative,,,https://boardgamegeek.com/boardgame/173090/the-game
"Game, The: Face to Face",-,2C,i2,,,,Two Player,,,https://boardgamegeek.com/boardgame/236461/the-game-face-to-face
Ganz Schön Clever / Très Futé,-,-,Loft SG - 106,,,,Light Strategy,,,https://boardgamegeek.com/boardgame/244522/thats-pretty-clever
Garden Geckos,ED,-,-,,,,New / Strategy,,,https://boardgamegeek.com/boardgame/408859/garden-geckos
Gardeners,-,6D,-,(En/Fr),,,Light Strategy,,,https://boardgamegeek.com/boardgame/361840/gardeners
Gauntlet of Fools,-,-,Top Shelf,,,,Light Strategy,,,https://boardgamegeek.com/boardgame/129293/gauntlet-fools
Gears of War the Boardgame,-,-,Vestibule,,,,Cooperative,,,https://boardgamegeek.com/boardgame/42776/gears-war-board-game
Gearworks,-,-,T3,,,,New / Strategy,,,https://boardgamegeek.com/boardgame/228580/gearworks
Gearworld,-,Overflow,Overflow,,,,Strategy,,,https://boardgamegeek.com/boardgame/137669/gearworld-the-borderlands
Geek Out!,-,12F,C1,,,,Trivia,,,https://boardgamegeek.com/boardgame/141430/geek-out
Geek Out! Disney,iD,-,-,,,,Trivia,,,https://boardgamegeek.com/boardgame/285028/geek-out-disney
GENSMAK!,,14,,,,,New / Trivia,,,https://boardgamegeek.com/boardgame/346927/gensmak
Get a Life,,Overflow,Overflow,,,,Party,,,https://boardgamegeek.com/boardgame/155253/get-a-life
Get Bit,,-,Loft SG - 96,,Y,Y,Family,,,https://boardgamegeek.com/boardgame/30539/get-bit
Get Lit,,-,Overflow,(En/Fr),,,Light Strategy,,,https://boardgamegeek.com/boardgame/163478/lunte
Get the MacGuffin,,-,Loft SG - 82,,Y,,Light Strategy,,,https://boardgamegeek.com/boardgame/241245/get-macguffin
Ghost Blitz,iD,10F,C3,(En/Fr),Y,Y,Party,,,https://boardgamegeek.com/boardgame/83195/ghost-blitz
Ghost Blitz 2,,-,C3,(En/Fr),,,Party,,,https://boardgamegeek.com/boardgame/118705/ghost-blitz-2
Ghost Blitz Jr,,Overflow,Overflow,,Y,Y,Family,,,https://boardgamegeek.com/boardgame/244702/geistesblitz-junior
Ghost Blitz Spooky Doo,,Lvl1 SG (top of left shelf),-,,,,Party,,,https://boardgamegeek.com/boardgame/197760/ghost-blitz-spooky-doo
Ghost Fightin' Treasure Hunters,,-,K2,(En/Fr),,,Cooperative / Family,,,https://boardgamegeek.com/boardgame/146312/ghost-fightin-treasure-hunters
Ghost Stories,,-,H5,(En/Fr),,,Cooperative,,,https://boardgamegeek.com/boardgame/37046/ghost-stories
"Ghosts of Castle Turnwall, The",,4E,-,(En/Fr),,,Family,,,https://boardgamegeek.com/boardgame/270223/the-ghosts-of-castle-turnwall
"Gig, The",,-,O4,,,,Light Strategy,,,https://boardgamegeek.com/boardgame/253575/the-gig
Give Me 3,,13C,-,,,,Adult,,,https://boardgamegeek.com/boardgame/382943/give-me-3
Glasgow,-,-,Vestibule,,,,Two Player,,,https://boardgamegeek.com/boardgame/301716/glasgow
Glass Road,,-,Top Shelf,(En/Fr),,,Strategy,,,https://boardgamegeek.com/boardgame/143693/glass-road
Globetrotting,,Overflow,Overflow,,,,Light Strategy,,,https://boardgamegeek.com/boardgame/356230/globetrotting
Gloom,,Lvl1 SG - 59,Loft SG - 90,,,Y,Light Strategy,,,https://boardgamegeek.com/boardgame/12692/gloom
Gloom of Thrones,Overflow,Overflow,Overflow,,Y,,Light Strategy,,,https://boardgamegeek.com/boardgame/267506/gloom-thrones
Gloom: Cthulhu,,Overflow,Overflow,,,,Light Strategy,,,https://boardgamegeek.com/boardgame/95234/cthulhu-gloom
Gnome Hollow,,-,Vestibule,,,,Strategy,,,https://boardgamegeek.com/boardgame/332885/gnome-hollow
Gnomes at Midnight,-,-,J5,,,,Two Player,,,https://boardgamegeek.com/boardgame/262626/gnomes-midnight
Go,-,-,Top Shelf,(En/Fr),,,Two Player,,,https://boardgamegeek.com/boardgame/188/go
Go Bomb!,-,Lvl1 SG - 58,-,,,,Light Strategy,,,https://boardgamegeek.com/boardgame/425588/go-bomb
Go Gecko Go!,-,-,K2,(En/Fr),,,Family,,,https://boardgamegeek.com/boardgame/270140/go-gecko-go
Gobbit,,-,Loft SG - 82,,,,Party,,,https://boardgamegeek.com/boardgame/132620/gobbit
Goblins Inc.,,-,Vestibule,,,,Strategy,,,https://boardgamegeek.com/boardgame/110524/goblins-inc
God Hates Charades,Overflow,Overflow,Overflow,,,,Adult,,,https://boardgamegeek.com/boardgame/158059/god-hates-charades
God of War: The Card Game,-,Top Shelf,-,,,,Strategy,,,https://boardgamegeek.com/boardgame/278120/god-war-card-game
"Godfather, The: Corleone's Empire",,-,Fireplace,,,,Strategy,,,https://boardgamegeek.com/boardgame/195539/the-godfather-corleones-empire
"Going, Going, GONE!",iD,-,-,,,,Party,,,https://boardgamegeek.com/boardgame/144761/going-going-gone
Gold Ahoy!!!!,Overflow,Overflow,Overflow,(En/Fr),,,Two Player,,,https://boardgamegeek.com/boardgame/154476/gold-ahoy
Golems,Overflow,Overflow,Overflow,,,,Cooperative / Light Strategy / New / Solo,,,https://boardgamegeek.com/boardgame/303734/golems
Good Cop Bad Cop,,-,Loft SG - 92,,,,Party ,,,https://boardgamegeek.com/boardgame/153064/good-cop-bad-cop
GoodCritters,,6D,-,,,,Light Strategy,,,https://boardgamegeek.com/boardgame/255615/goodcritters
Graenaland,Overflow,Overflow,Overflow,,,,New / Strategy,,,https://boardgamegeek.com/boardgame/24843/graenaland
Grand Austria Hotel,-,14,-,,,,Strategy,,,https://boardgamegeek.com/boardgame/182874/grand-austria-hotel
Grandpa Beck's Golf,Overflow,Overflow,Overflow,,Y,,Light Strategy,,,https://boardgamegeek.com/boardgame/121195/grandpa-becks-golf
Grandpa Beck's Scheming and Skulking (same game as Skull King),Overflow,Overflow,Overflow,,,,Light Strategy,,,https://boardgamegeek.com/boardgame/150145/skull-king
Grandpa Beck's Skull King (same game as Scheming and Skulking),Overflow,Overflow,Overflow,,,,Family,,,https://boardgamegeek.com/boardgame/150145/skull-king
Great Plains,-,2D,-,(En/Fr),,,Two Player,,,https://boardgamegeek.com/boardgame/330036/great-plains
"Great Split, The",GE,-,Top Shelf,(En/Fr),,,Strategy,,,https://boardgamegeek.com/boardgame/366752/the-great-split
Great Western Trail,-,-,Top Shelf,,,,Strategy,,,https://boardgamegeek.com/boardgame/193738/great-western-trail
Grimm Forest,EC,-,-,,,,Light Strategy,,,https://boardgamegeek.com/boardgame/212402/grimm-forest
"Grizzled, The",-,-,Loft SG - 92,,,Y,Cooperative,,,https://boardgamegeek.com/boardgame/171668/the-grizzled
Grounded for Life,-,-,C2,,,,Family / Party,,,https://whatdoyoumeme.com/products/grounded-for-life
Guess the Mess,-,-,C5,,,,Party,,,https://boardgamegeek.com/boardgame/155258/guess-mess
Guess Who?,AB,2B,i1,(En/Fr),Y,Y,Two Player,,,https://boardgamegeek.com/boardgame/4143/guess-who
Guesstures,-,-,C5,(En/Fr),,,Party,,,https://boardgamegeek.com/boardgame/2379/guesstures
"Guild of Merchant Explorers, The",-,-,T1,,,,Strategy,,,https://boardgamegeek.com/boardgame/350933/the-guild-of-merchant-explorers
Guillotine,-,-,Loft SG - 92,,,,Light Strategy,,,https://boardgamegeek.com/boardgame/116/guillotine
Guns & Steel,-,-,Loft SG - 82,,,,Strategy,,,https://boardgamegeek.com/boardgame/176334/guns-steel
Gurms,-,4D,-,,,,Family,,,https://boardgamegeek.com/boardgame/369690/gurms
Gutenberg,-,14,-,,,,Strategy,,,https://boardgamegeek.com/boardgame/339958/gutenberg
Gutenberg,-,-,T1,,,,Strategy,,,https://boardgamegeek.com/boardgame/339958/gutenberg
Gyrating Hamsters,Overflow,Overflow,Overflow,,,,Light Strategy,,,https://boardgamegeek.com/boardgame/225645/gyrating-hamsters
Hadara,-,-,U2,,,,New / Strategy,,,https://boardgamegeek.com/boardgame/269144/hadara
Haiku Warrior,Overflow,Overflow,Overflow,,,,Light Strategy,,,https://boardgamegeek.com/boardgame/201139/haiku-warrior
Hail Hydra,iE,-,-,,,,Party,,,https://boardgamegeek.com/boardgame/256877/hail-hydra
Haleakala,AB,-,-,(En/Fr),,,Two Player,,,https://boardgamegeek.com/boardgame/177727/haleakala
Half Truth,-,12E,B2,,,,Trivia,,,https://boardgamegeek.com/boardgame/287158/half-truth
Hamlet: The Village Building Game,-,-,Top Shelf,(En/Fr),,,Strategy,,,https://boardgamegeek.com/boardgame/276086/hamlet-the-village-building-game
Hamster Clan,-,4E,-,(En/Fr),Y,,Cooperative / Family,,,https://boardgamegeek.com/boardgame/209284/hamster-clan
Hamsterrolle,-,Top Shelf,-,,,Y,Dexterity,,,https://boardgamegeek.com/boardgame/903/hamsterrolle
Hanabi,DC,-,-,(En/Fr),Y,Y,Cooperative,,,https://boardgamegeek.com/boardgame/98778/hanabi
Hand to Hand Wombat,iE,-,-,,,Y,Party,,,https://boardgamegeek.com/boardgame/356909/hand-to-hand-wombat
Hannibal & Hamilcar,-,-,Fireplace,(En/Fr),,,Two Player,,,https://boardgamegeek.com/boardgame/227460/hannibal-hamilcar
Hansa,-,-,Top Shelf,(En/Fr),,,Strategy,,,https://boardgamegeek.com/boardgame/8989/hansa
Hansa Teutonica,-,-,Fireplace,,,,Strategy,,,https://boardgamegeek.com/boardgame/43015/hansa-teutonica
Happy City,ED,-,-,,,,Light Strategy,,,https://boardgamegeek.com/boardgame/319793/happy-city
Happy Little Dinosaurs,-,6E,-,,,,Light Strategy,,,https://boardgamegeek.com/boardgame/325414/happy-little-dinosaurs
Happy Salmon,-,Fireplace,Y4,,,,Family,,,https://boardgamegeek.com/boardgame/194626/happy-salmon
Harbour,-,-,Loft SG - 82,,,,Strategy,,,https://boardgamegeek.com/boardgame/155969/harbour
"Hare and the Tortoise, The",-,-,O3,(En/Fr),,Y,Light Strategy,,,https://boardgamegeek.com/boardgame/130176/tales-and-games-the-hare-and-the-tortoise
Harmonies,-,8D,-,(En/Fr),,,Strategy,,,https://boardgamegeek.com/boardgame/414317/harmonies
Harry Potter and The Sorcerer's Stone,Overflow,Overflow,Overflow,,,,Family,X,,https://boardgamegeek.com/boardgame/13447/harry-potter-and-sorcerers-stone-game
Harry Potter Diagon Alley ,Overflow,Overflow,Overflow,,,,Family,,,https://boardgamegeek.com/boardgame/3910/harry-potter-diagon-alley-board-game
Harry Potter: Myster at Hogwarts,Overflow,Overflow,Overflow,,,,Family,,,https://boardgamegeek.com/boardgame/6194/home-alone
Hearing Things,-,-,D5,,,,Party,,,https://boardgamegeek.com/boardgame/246015/hearing-things
Heat: Pedal to the Metal,-,-,T1,,Y,,Strategy,,,https://boardgamegeek.com/boardgame/366013/heat-pedal-to-the-metal
Heaven and Ale,-,-,Fireplace,(En/Fr),,,Strategy,,,https://boardgamegeek.com/boardgame/227789/heaven-ale
Hedbandz,iE,10F,C1,(En/Fr),Y,,Party,,,https://boardgamegeek.com/boardgame/1855/hedbanz-adults
Hedbanz Junior,-,10F,-,,,,Party,,,https://boardgamegeek.com/boardgame/403354/hedbanz-junior
Hedbanz No Limits,-,13D,X5,,,,Adult,,,https://boardgamegeek.com/boardgame/1855/hedbanz-for-adults
Hegemonic,-,-,Fireplace,,,,Strategy,,,https://boardgamegeek.com/boardgame/92666/hegemonic
Heimlich & Co,-,Top Shelf,-,,,,Party,,,https://boardgamegeek.com/boardgame/382/heimlich-co
Hellapagos,Overflow,Overflow,Overflow,(En/Fr),,,Light Strategy,,,https://boardgamegeek.com/boardgame/224272/hellapagos
Hengist,Overflow,Overflow,Overflow,(En/Fr),,,Two Player,,,https://boardgamegeek.com/boardgame/182875/hengist
Henhouse Havoc,-,-,O4,,,,Light Strategy,,,https://boardgamegeek.com/boardgame/243231/henhouse-havoc
Here to Slay,-,6E,,,,,Light Strategy,,,https://boardgamegeek.com/boardgame/299252/here-slay
Hero Realms,-,-,Loft SG - 82,,,,Strategy,,,https://boardgamegeek.com/boardgame/198994/hero-realms
Heroes Welcome,-,-,U4,,,,New / Strategy,,,https://boardgamegeek.com/boardgame/212839/heroes-welcome
HeroQuest,Overflow,Overflow,Overflow,,,,Strategy,,No drinks allowed on table when this is played,https://boardgamegeek.com/boardgame/22192/heroquest-advanced-quest
"Hey, That's my Fish",-,-,Loft SG - 92,(En/Fr),,,Family,,,https://boardgamegeek.com/boardgame/8203/hey-s-my-fish
Hidden Leaders,ED,-,-,,,,Light Strategy,,,https://boardgamegeek.com/boardgame/320718/hidden-leaders
Highlander: The Board Game,Overflow,Overflow,Overflow,,,,Light Strategy,,,https://boardgamegeek.com/boardgame/244428/highlander-board-game
Hilarium,iF,-,-,,,,Party,,,https://boardgamegeek.com/boardgame/5272/hilarium
Hit List,-,Lvl1 SG - 59,-,,,,Party,,,https://boardgamegeek.com/boardgame/302279/hit-list
Hit the Deck,Overflow,Overflow,Overflow,(En/Fr),,,Family,,,https://boardgamegeek.com/boardgame/6711/hit-deck
Hive,AB,Fireplace,i3,(En/Fr) (loft),Y,,Two Player,,,https://boardgamegeek.com/boardgame/2655/hive
Hive Mind,IE,-,C1,,,,Party,,,https://boardgamegeek.com/boardgame/201308/hive-mind
Hoax,-,-,Loft SG - 92,,Y,,Party,,,https://boardgamegeek.com/boardgame/182218/hoax-second-edition
"Hobbit, The",,Top Shelf,-,,,,Light Strategy,,,https://boardgamegeek.com/boardgame/83629/the-hobbit
Hocus,Overflow,Overflow,Overflow,,,,Light Strategy,,,https://boardgamegeek.com/boardgame/171261/hocus
Holi: Festival of Colors,-,-,O4,,,,Light Strategy,,,https://boardgamegeek.com/boardgame/295957/holi-festival-of-colors
Hollywood 1947,-,9D,-,,,,Party,,,https://boardgamegeek.com/boardgame/370621/hollywood-1947
Holmes: Sherlock and Mycroft,-,2B,i1,(En/Fr),Y,,Two Player,,,https://boardgamegeek.com/boardgame/174078/holmes-sherlock-mycroft
Home Alone,Overflow,Overflow,Overflow,,,,Family,,,https://boardgamegeek.com/boardgame/6194/home-alone
HonesTea,-,Lvl1 SG - 59,-,,,,Party,,,https://www.honestea.ca
Honga,-,-,K2,(En/Fr),,,Family,,,https://boardgamegeek.com/boardgame/255805/honga
Honshu,-,-,Loft SG - 92,(En/Fr),Y,Y,Light Strategy,,,https://boardgamegeek.com/boardgame/207336/honshu
Hooky,ED,-,-,,,,Light Strategy,,,https://boardgamegeek.com/boardgame/377480/hooky
Hope,Overflow,Overflow,Overflow,(En/Fr),,,Strategy,,,https://boardgamegeek.com/boardgame/177482/hope
Horrible Therapist,-,13B,-,,,,Adult,,,https://boardgamegeek.com/boardgame/430572/horrible-therapist
Horrified,-,1C,H2,,,,Cooperative,,,https://boardgamegeek.com/boardgame/282524/horrified
Hostage Negotiator,-,-,Loft SG - 82,,,,Solo,,,https://boardgamegeek.com/boardgame/134253/hostage-negotiator
Hot Lead,-,-,Loft SG - 93,,,,Light Strategy / New,,,https://boardgamegeek.com/boardgame/339924/hot-lead
Hot Seat,-,-,X1,,Y,,Adult,,,https://boardgamegeek.com/boardgame/225828/hot-seat
Hot Takes,-,-,X1,,,,Adult,,,https://boardgamegeek.com/boardgame/368043/hot-takes
Hotshots,-,Top Shelf,-,(En/Fr),,,Cooperative,,,https://boardgamegeek.com/boardgame/218050/hotshots
Hues and Cues,iF,9A,C2,(En/Fr),,Y,Party,,,https://boardgamegeek.com/boardgame/302520/hues-and-cues
Hungry Hungry Hippos,-,-,K2,(En/Fr),,Y,Family,,,https://boardgamegeek.com/boardgame/5895/hungry-hungry-hippos
Huns,Overflow,Overflow,Overflow,,,,Light Strategy,,,https://boardgamegeek.com/boardgame/233973/huns
"Hunt, The",-,2D,-,,,,Two Player,,,https://boardgamegeek.com/boardgame/376223/the-hunt
I would fight the dragon...,Overflow,Overflow,Overflow,,,,Light Strategy,,,https://boardgamegeek.com/boardgame/254341/i-would-fight-dragon
I'm Kind of a Big Dill,-,14,-,,,,New / Party,,,https://boardgamegeek.com/boardgame/429900/im-kind-of-a-big-dill
"I'm Right, You're Wrong! NSFW",-,13E,-,,,,Adult,,,https://boardgamegeek.com/boardgame/339251/im-right-youre-wrong
ICECOOL,-,10E,K2,,,,Dexterity / Family,,replacement ordered,https://boardgamegeek.com/boardgame/177524/icecool
ICECOOL2,-,-,K1,(En/Fr),,,Dexterity / Family,,,https://boardgamegeek.com/boardgame/244513/icecool2
Identity Crisis,Overflow,Overflow,Overflow,,,,Party,,,https://boardgamegeek.com/boardgame/30457/dentity-crisis
IDO,Overflow,Overflow,Overflow,(En/Fr),,,Strategy,,,https://boardgamegeek.com/boardgame/2235/ido
If You Had to Choose,Overflow,Overflow,Overflow,,,,Party,,,https://boardgamegeek.com/boardgame/16173/if-you-had-choose
Ifs and Butts,-,-,D4,,,,Party,,,https://boardgamegeek.com/boardgame/124125/ifs-butts
iKnow: International,-,12E,-,,,,Trivia,,,https://boardgamegeek.com/boardgame/130680/iknow
Ikusa,-,-,Top Shelf,,,,Strategy,,,https://boardgamegeek.com/boardgame/221/ikusa
Imagine Iff...,-,-,D4,,,,Party,,,https://boardgamegeek.com/boardgame/2750/imaginiff
Imhotep,-,-,U2,,,,Strategy,,,https://boardgamegeek.com/boardgame/191862/imhotep
Imhotep the Duel,-,-,J5,,,,Two Player,,,https://boardgamegeek.com/boardgame/255674/imhotep-duel
Imperial Settlers,-,-,Vestibule,,,,Strategy,,,https://boardgamegeek.com/boardgame/154203/imperial-settlers
Imperial Struggle,-,-,Vestibule,,,,New / Strategy,,,https://boardgamegeek.com/boardgame/206480/imperial-struggle
Imposter!: The After-Dinner Mystery Game,-,-,Loft SG - 93,,,,Party,,,https://boardgamegeek.com/boardgame/353647/imposter-after-dinner-mystery-game
In A Pickle,Overflow,Overflow,Overflow,,,,Party,,,https://boardgamegeek.com/boardgame/12205/in-a-pickle
In Front of the Elevators,Overflow,Overflow,Overflow,,,,Light Strategy,,,https://boardgamegeek.com/boardgame/278751/front-elevators
In the Footsteps of Darwin,-,-,U3,(En/Fr),,,Light Strategy,,,https://boardgamegeek.com/boardgame/376683/in-the-footsteps-of-darwin
In the Footsteps of Marie Curie,-,-,U3,,,,Strategy,,,https://boardgamegeek.com/boardgame/408770/in-the-footsteps-of-marie-curie
In the Palm of Your Hand,-,-,D4,(En/Fr),,,Party,,,https://boardgamegeek.com/boardgame/314397/palm-your-hand
Incan Gold,-,-,Loft SG - 93,,Y,,Light Strategy,,,https://boardgamegeek.com/boardgame/15512/diamant
Incohearent,-,13B,-,,Y,,Adult,,,https://boardgamegeek.com/boardgame/289020/incohearent
Indian Summer,Overflow,Overflow,Overflow,(En/Fr),,,Light Strategy,,,https://boardgamegeek.com/boardgame/233678/indian-summer
Infinite City,Overflow,Overflow,Overflow,,,,Strategy,,,https://boardgamegeek.com/boardgame/46807/infinite-city
Ingenious,-,6D,O4,(En/Fr),,,Light Strategy,,,https://boardgamegeek.com/boardgame/9674/ingenious
Inis,-,-,U4,,,Y,Strategy,,,https://boardgamegeek.com/boardgame/155821/inis
Innovation,-,-,Loft SG - 93,,,,Strategy,,,https://boardgamegeek.com/boardgame/63888/innovation
Insider Black,-,-,Loft SG - 93,,,,Party,,,https://boardgamegeek.com/boardgame/307997/insider-black
Insidious Sevens,Overflow,Overflow,Overflow,,,,Family,,,https://boardgamegeek.com/boardgame/84864/insidious-sevens
Ishtar,-,-,Top Shelf,,,,Strategy,,,https://boardgamegeek.com/boardgame/271088/ishtar-gardens-babylon
Isle of Cats,-,Top Shelf,-,,,,Light Strategy,,,https://boardgamegeek.com/boardgame/281259/the-isle-of-cats
Isle of Cats Duel,-,2B,-,,,,Two Player,,,https://boardgamegeek.com/boardgame/431718/the-isle-of-cats-duel
Isle of Skye,-,-,O3,(En/Fr),,,Strategy,,,https://boardgamegeek.com/boardgame/176494/isle-of-skye-from-chieftain-to-king
Istanbul,-,-,U4,(En/Fr),,Y,Strategy,,,https://boardgamegeek.com/boardgame/148949/istanbul
It's a Balloon!?,iF,-,-,,,,Party,,,https://boardgamegeek.com/boardgame/400058/its-balloon
It's Blunderful,JA,-,-,,Y,,Party,,,https://boardgamegeek.com/boardgame/271046/its-blunderful
Ito,-,Lvl1 SG - 61,-,,,,Cooperative / Party,,,https://boardgamegeek.com/boardgame/327778/ito
Jack Straws,JA,-,-,,,,Dexterity,,,https://boardgamegeek.com/boardgame/5253/jack-straws
Jaipur,AB,2C,J2,(En/Fr),Y,Y,Two Player,,,https://boardgamegeek.com/boardgame/54043/jaipur
Jamaica,-,-,O3,,,,Light Strategy,,,https://boardgamegeek.com/boardgame/28023/jamaica
Java,-,Top Shelf,-,(En/Fr),,,Strategy,,,https://boardgamegeek.com/boardgame/855/java
Jaws,EE,-,-,,,,Strategy,,,https://boardgamegeek.com/boardgame/272738/jaws
Jenga,-,10C,Counter,(En/Fr),,,Dexterity,,,https://boardgamegeek.com/boardgame/2452/jenga
Jenga Extreme,-,-,Counter,,,,Dexterity,,,https://boardgamegeek.com/boardgame/8915/jenga-xtreme
Jet Pack Unicorn,-,-,D5,,,,Party,,,https://boardgamegeek.com/boardgame/148973/jetpack-unicorn
Jobstacles,-,-,X2,,,,Adult,,,https://boardgamegeek.com/boardgame/193425/jobstacles
Jok-R-Ummy,-,-,O2,(En/Fr),,,Light Strategy,,,https://boardgamegeek.com/boardgame/14036/jok-r-ummy
Jokes on Who,-,13F,-,,,,Adult,,,https://relatable.com/products/jokes-on-who?srsltid=AfmBOorguH2lQiI4LFXxik24QED3MN5vSjv63IVd1LU577XU0ZPFK8AZ
Joking Hazard,-,13C,X2,,Y,Y,Adult,,,https://boardgamegeek.com/boardgame/193621/joking-hazard
Jumanji,-,-,K5,,,Y,Family,,,https://boardgamegeek.com/boardgame/1751/jumanji
Jungle Speed,-,Fireplace,-,(En/Fr),Y,Y,Party,,,https://boardgamegeek.com/boardgame/8098/jungle-speed
Junk Art,-,10E,-,(En/Fr),,Y,Dexterity,,,https://boardgamegeek.com/boardgame/193042/junk-art
Junta Viva El Presidente,-,-,Vestibule,,,,Light Strategy,,,https://boardgamegeek.com/boardgame/84159/junta-viva-el-presidente
Jurassic Brunch,-,-,J5,(En/Fr),,,Two Player,,,https://boardgamegeek.com/boardgame/297666/jurassic-brunch
Jurassic Park,Overflow,Overflow,Overflow,,,,Family,,,https://boardgamegeek.com/boardgame/2906/jurassic-park-iii-the-spinosaurus-chase-game
Jurassic Snack,Overflow,Overflow,Overflow,(En/Fr),,,Two Player,,,https://boardgamegeek.com/boardgame/241164/jurassic-snack
Just One,JA,10D,D4,,,,Party,,,https://boardgamegeek.com/boardgame/254640/just-one
Just One - 14 Players,-,10D,-,,,,Party,,,https://boardgamegeek.com/boardgame/254640/just-one
Just One (Français),-,10D,-,,,,Party,,,https://boardgamegeek.com/boardgame/254640/just-one
Juxtabo,-,-,Y4,(En/Fr),,,Light Strategy,,,https://boardgamegeek.com/boardgame/177328/juxtabo
K3,-,Lvl1 SG - 61,-,(En/Fr),,,Light Strategy,,,https://boardgamegeek.com/boardgame/341931/k3
Kabuki,Overflow,Overflow,Overflow,,,,Party,,,https://boardgamegeek.com/boardgame/107464/kabuki
Kahuna,AB,2B,i1,,,Y,Two Player,,,https://boardgamegeek.com/boardgame/394/kahuna
Kaleidos,EE,-,-,(En/Fr),,,Party,,,https://boardgamegeek.com/boardgame/545/kaleidos
Kamisado,-,2B,-,(En/Fr),,,Two Player,,,https://boardgamegeek.com/boardgame/38545/kamisado
Kamon,-,3E,-,,,,Two Player,,,https://boardgamegeek.com/boardgame/28738/kamon
Karibou Camp,Overflow,Overflow,Overflow,(En/Fr),,,Family,,,https://boardgamegeek.com/boardgame/192233/karibou-camp
Karuba,EE,6C,O3,,,Y,Light Strategy,,,https://boardgamegeek.com/boardgame/183251/karuba
KeeKee the Rocking Monkey,BC,-,-,(En/Fr),,,Family,,,https://boardgamegeek.com/boardgame/23576/coocoo-the-rocking-clown
Keep Talking and Nobody Explodes,-,10 A (requires Switch),-,,,,Party,,,https://keeptalkinggame.com/
Kemet,-,-,Top Shelf,(En/Fr),,,Strategy,,,https://boardgamegeek.com/boardgame/127023/kemet
Kensington,Overflow,Overflow,Overflow,(En/Fr),,,Light Strategy,,,https://boardgamegeek.com/boardgame/127023/kemet
Kero,-,-,J5,(En/Fr),,,Two Player,,,https://boardgamegeek.com/boardgame/222219/kero
Keyflower,-,-,Fireplace,,,,Strategy,,,https://boardgamegeek.com/boardgame/122515/keyflower
Keyforge: Age of Ascension 2 Player Starter Set,-,Overflow,Overflow,,,,Two Player,,,https://boardgamegeek.com/boardgame/272453/keyforge-age-ascension
Kids Against Maturity,-,Overflow,Overflow,,,,Family / Party,,,https://boardgamegeek.com/boardgame/283124/kids-against-maturity
Kill Doctor Lucky,CD,-,-,,,,Light Strategy,,,https://boardgamegeek.com/boardgame/257/kill-doctor-lucky
Killer Bunnies and the Quest for the Magic Carrot,EF,-,-,,,,Light Strategy,,,https://boardgamegeek.com/boardgame/3699/killer-bunnies-and-the-quest-for-the-magic-carrot
Kilt Castle,EF,-,-,(En/Fr),,,Strategy,,,https://boardgamegeek.com/boardgame/205826/kilt-castle
Kim-Joy's Magic Bakery,-,1D,-,,,,Cooperative,,,https://boardgamegeek.com/boardgame/341779/kim-joys-magic-bakery
KinderPerfect,-,Overflow,Overflow,,,,Adult,,,https://boardgamegeek.com/boardgame/203352/kinderperfect-party-game-parents
King Me!,-,Overflow,Overflow,(En/Fr),,,Light Strategy,,,https://boardgamegeek.com/boardgame/283820/king-me
King of Monster Island,-,-,Vestibule,,,,Cooperative,,,https://boardgamegeek.com/boardgame/334065/verdant
King of New York,-,-,O2,,,,Light Strategy,,,https://boardgamegeek.com/boardgame/160499/king-new-york
King of Tokyo,EF,6D,O2,,,Y,Light Strategy,,,https://boardgamegeek.com/boardgame/70323/king-tokyo
King of Tokyo  Duel,-,3F,-,,,,Two Player,,,https://boardgamegeek.com/boardgame/70323/king-tokyo
King's Gold,-,Overflow,Overflow,(En/Fr),Y,Y,Light Strategy,,,https://boardgamegeek.com/boardgame/161761/kings-gold
Kingdom Builder,-,-,U3,(En/Fr),,,Strategy,,,https://boardgamegeek.com/boardgame/107529/kingdom-builder
Kingdomino,-,6D,K2,(En/Fr),,,Family,,,https://boardgamegeek.com/boardgame/204583/kingdomino
Kingdomino Duel,-,-,J2,(En/Fr),,,Two Player,,,https://boardgamegeek.com/boardgame/281960/kingdomino-duel
Kings Cribbage,-,Overflow,Overflow,(En/Fr),,,Light Strategy,,,https://boardgamegeek.com/boardgame/1449/kings-cribbage
Kingsburg,-,-,U3,,,,Strategy,,,https://boardgamegeek.com/boardgame/27162/kingsburg
Kiss the Goblin,Overflow,Overflow,Overflow,,,,Party,,,https://boardgamegeek.com/boardgame/386826/kiss-goblin
Kitchen Rush,-,-,Vestibule,,,,Light Strategy,,,https://boardgamegeek.com/boardgame/223953/kitchen-rush
Kites,AD,1D,H3,,Y,Y,Cooperative,,,https://boardgamegeek.com/boardgame/348096/kites
Kitten Klash,Overflow,Overflow,Overflow,,,,Two Player,,,https://boardgamegeek.com/boardgame/228740/kitten-klash
Kittens in a Blender,-,Lvl1 SG - 60,Loft SG - 93,,Y,Y,Light Strategy,,,https://boardgamegeek.com/boardgame/115105/kittens-blender
Kitty Paw,-,Overflow,Overflow,,,,Family,,,https://boardgamegeek.com/boardgame/180867/kitty-paw
Klask,-,Window left of library,-,(En/Fr),,,Dexterity,,,https://boardgamegeek.com/boardgame/165722/klask
Kluster Duo (magnests safe for kids),-,2C,-,,,,Two Player,,,https://boardgamegeek.com/boardgame/408383/kluster-duo
Kluster NO TABLES WITH KIDS <10,DC,Lvl1 SG - 61,-,(En/Fr),,,Light Strategy,,,https://boardgamegeek.com/boardgame/408383/kluster-duo
Knarr,-,Lvl1 SG - 62,-,(En/Fr),,,Light Strategy,,,https://boardgamegeek.com/boardgame/379629/knarr
Knitwit,-,-,D3,,Y,,Party,,,https://boardgamegeek.com/boardgame/191982/knit-wit
Knockdown,Overflow,Overflow,Overflow,,,,Two Player,,,https://boardgamegeek.com/boardgame/313471/knockdown
Know Your Partner,-,Overflow,Overflow,,,,Adult,,,https://boardgamegeek.com/boardgame/23245/know-your-partner
Kobayakawa,-,Overflow,Overflow,(En/Fr),,,Light Strategy,,,https://boardgamegeek.com/boardgame/142325/kobayakawa
Kodama,-,-,Loft SG - 93,,,,Light Strategy,,,https://boardgamegeek.com/boardgame/142325/kobayakawa
Kodama 3D,-,-,O3,,,,Light Strategy,,,https://boardgamegeek.com/boardgame/277611/kodama-3d
Kodama Duo,-,-,i2,(En/Fr),,,Two Player,,,https://boardgamegeek.com/boardgame/252402/kodama-duo
Konexi,Overflow,Overflow,Oveflow,,,,Dexterity,,,https://boardgamegeek.com/boardgame/82948/konexi
Kraftwagen,Overflow,Overflow,Oveflow,(En/Fr),,,Strategy,,,https://boardgamegeek.com/boardgame/171879/kraftwagen
Kraken Attack!,-,1D,-,(En/Fr),,,Cooperative / Family,,,https://boardgamegeek.com/boardgame/293309/kraken-attack
Kreus,-,-,Loft SG - 98,,,,Cooperative,,,https://boardgamegeek.com/boardgame/198110/kreus
Kulami,-,3F,i1,(En/Fr),,,Two Player,,,https://boardgamegeek.com/boardgame/108831/kulami
Kutná Hora: The City of Silver,-,-,Vestibule,,,,Strategy,,,https://boardgamegeek.com/boardgame/385610/kutna-hora-the-city-of-silver
Kuuduk,-,Overflow,Overflow,,,,Light Strategy,,,https://boardgamegeek.com/boardgame/8958/kuuduk
Kwizniac,-,Lvl1 SG - 60,-,,,,Trivia / Two Player,,,https://boardgamegeek.com/boardgame/97582/kwizniac
L.L.A.M.A.,-,-,Loft SG - 94,(En/Fr),,,Light Strategy,,,https://boardgamegeek.com/boardgame/266083/llm
L'Attaque,-,2F,-,,,,Two Player,,,https://boardgamegeek.com/boardgame/9246/lattaque
La Boca,-,-,D2,(En/Fr),,,Party,X,,https://boardgamegeek.com/boardgame/136280/la-boca
La Isla,Overflow,Overflow,Overflow,(En/Fr),,,Light Strategy,,,https://boardgamegeek.com/boardgame/154246/la-isla
La Strada (damaged games),-,-,Vestibule,,,,Strategy,X,,https://boardgamegeek.com/boardgame/9675/la-strada
Labyrinth,-,4D,L4,(En/Fr),,Y,Family,,,https://boardgamegeek.com/boardgame/1219/labyrinth
Labyrinth: Team Edition,-,4D,-,(En/Fr),,,Cooperative,,,https://boardgamegeek.com/boardgame/368941/labyrinth-team-edition
Ladies and Gentlemen,-,Overflow,Overflow,,,,Party,,,https://boardgamegeek.com/boardgame/124380/ladies-gentlemen
Lander,-,Overflow,Overflow,,,,Strategy,,,https://boardgamegeek.com/boardgame/264948/lander
Landmarks,-,10E,-,,,,Cooperative / Party,,,https://boardgamegeek.com/boardgame/421374/landmarks
Lanterns: The Harvest Festival,-,-,O2,(En/Fr),Y,,Light Strategy,,,https://boardgamegeek.com/boardgame/160851/lanterns-harvest-festival
Las Vegas,FA,-,-,(En/Fr),,,Light Strategy,,,https://boardgamegeek.com/boardgame/117959/las-vegas
Last Light,,-,V5,,,,Strategy,,,https://boardgamegeek.com/boardgame/315727/last-light
Last Night on Earth,,Overflow,Overflow,,,,Strategy,,,https://boardgamegeek.com/boardgame/29368/last-night-earth-zombie-game
Last Word,,10E,D3,,,,Party,,,https://boardgamegeek.com/boardgame/17709/last-word
Law & Order Detective Game,,Overflow,Overflow,,,,Light Strategy,,,https://boardgamegeek.com/boardgame/15278/law-order-game
Le Fantôme de l'Opéra,Overflow,Overflow,Overflow,(En/Fr),,,Two Player,,,https://boardgamegeek.com/boardgame/145645/le-fantome-de-lopera
Leg Los!,,-,D3,(En/Fr),,,Party,,,https://boardgamegeek.com/boardgame/153479/leg-los
Legend of the Wendigo,,4A,-,,(mike's house),,Family,,,https://boardgamegeek.com/boardgame/213491/the-legend-of-the-wendigo
Legendary: Villains,,Top Shelf,-,,,,Cooperative,,,https://boardgamegeek.com/boardgame/156689/legendary-a-marvel-deck-building-game-villains
Leonardo Davinci,,-,Vestibule,,,,Strategy,,,https://boardgamegeek.com/boardgame/21920/leonardo-da-vinci
Let's Dig for Treasure,,14,-,,,,Light Strategy,,,https://boardgamegeek.com/boardgame/325828/lets-dig-treasure
Let's Face It,,-,D5,,,,Party,,,https://boardgamegeek.com/boardgame/286613/lets-face-it
Let's Get Deep,LC,13B,X3,,,,Adult / Two Player,,,https://whatdoyoumeme.com/products/lets-get-deep
Let's Get Deep Family Edition,,10C,-,,,,Family / Party,,,https://whatdoyoumeme.com/products/lets-get-deep
Let's Get Deep Friends Edition,,9D,-,,,,Party,,,https://whatdoyoumeme.com/products/lets-get-deep
Let's Summon Demons,,14,-,,,,Light Strategy,,,https://boardgamegeek.com/boardgame/325829/lets-summon-demons
Letter Jam,,10C,-,,Y,,Party,,,https://boardgamegeek.com/boardgame/275467/letter-jam
Letter Of Marque,Overflow,Overflow,Overflow,(En/Fr),,,Light Strategy,,,https://boardgamegeek.com/boardgame/29096/letter-of-marque
Letters from Whitechapel,,-,U2,,,,Strategy,,,https://boardgamegeek.com/boardgame/59959/letters-whitechapel
Liar Liar: The Game of Truths and Lies,Overflow,Overflow,Overflow,,,,Party,,,https://boardgamegeek.com/boardgame/348694/liar-liar-game-truths-and-lies
Liars Dice,,-,Y2,,,,Light Strategy,X,,https://boardgamegeek.com/boardgame/45/perudo
Libertalia,,-,Vestibule,,,,Strategy,,,https://boardgamegeek.com/boardgame/125618/libertalia
Lifeboat,,Overflow,Overflow,,,,Party,,,https://boardgamegeek.com/boardgame/4174/lifeboat
Lifeboats,FA,-,-,,,,Light Strategy,,,https://boardgamegeek.com/boardgame/249/lifeboats
Lift It!,,10A,-,(En/Fr),,Y,Party,X,,https://boardgamegeek.com/boardgame/132497/lift-it
Like I Like My,,13F,-,,,,Adult,,,https://boardgamegeek.com/boardgame/422411/like-i-like-my
Like Minds,,Overflow,Overflow,,,,Party,,,https://boardgamegeek.com/boardgame/13357/minds
Linkee,,-,D3,,,,Party ,,,https://boardgamegeek.com/boardgame/147194/linkee
Little Big Fish,Overflow,Overflow,Overflow,(En/Fr),,,Two Player,,,https://boardgamegeek.com/boardgame/223312/little-big-fish
"Little Bird, Big Hunger",,-,Loft SG - 94,(En/Fr),,,Family,,,https://boardgamegeek.com/boardgame/209578/little-bird-big-hunger
"Little Orchard, The",,Overflow,Overflow,(En/Fr),,,Family,,,https://boardgamegeek.com/boardgame/17162/the-little-orchard
Little Secret,ID,-,-,,,,New / Party,,,https://boardgamegeek.com/boardgame/430644/little-secret
Living forest,,8E,-,,,,Strategy,,,https://boardgamegeek.com/boardgame/328479/living-forest
Llamaland,,6C,-,(En/Fr),,,Light Strategy,,,https://boardgamegeek.com/boardgame/330038/llamaland
Loaded Questions,Overflow,Overflow,Overflow,,,,Adult,,,https://boardgamegeek.com/boardgame/2838/loaded-questions
Lofoten,-,-,i3,,,,Two Player,,,https://boardgamegeek.com/boardgame/361905/lofoten
Long Shot: The Dice Game,,-,O2,,Y,,Light Strategy,,,https://boardgamegeek.com/boardgame/295374/long-shot-dice-game
Longueur D'Onde,-,11A,-,(En/FR),,,Party,,French version of Wavelength,https://boardgamegeek.com/boardgame/262543/wavelength
Look at the Stars,FA,-,-,,,,Light Strategy,,,https://boardgamegeek.com/boardgame/365453/look-stars
Loony Quest,BD,-,K1,(En/Fr),,,Family,,,https://boardgamegeek.com/boardgame/136991/loony-quest
Loose Caboose!,Overflow,Overflow,Overflow,,,,Family,,,https://boardgamegeek.com/boardgame/359644/loose-caboose
Loot,,Overflow,Overflow,,,,Light Strategy,,,https://boardgamegeek.com/boardgame/770/loot
Loot 'n' Run,,Overflow,Overflow,,Y,,Light Strategy,,,https://boardgamegeek.com/boardgame/185374/loot-n-run
Lord of the Rings: Duel for Middle Earth,-,2B,-,(En/Fr),Y,,Two Player,,,https://boardgamegeek.com/boardgame/421006/the-lord-of-the-rings-duel-for-middle-earth
Lord of the Rings: The Confrontation,-,3F,i1,,,Y,Two Player,,,https://boardgamegeek.com/boardgame/18833/lord-of-the-rings-the-confrontation
Lords of Scotland,,Overflow,Overflow,,,,Light Strategy,,,https://boardgamegeek.com/boardgame/67888/lords-scotland
Lords of Waterdeep,,-,U2,,Y,,Strategy,,,https://boardgamegeek.com/boardgame/110327/lords-waterdeep
Lost Cities,-,-,J4,(En/Fr),Y,Y,Two Player,,,https://boardgamegeek.com/boardgame/50/lost-cities
Lost Cities (4 player board game),CC,-,-,(En/Fr),,,Strategy,,,https://boardgamegeek.com/boardgame/50/lost-cities
Lost Cities Rivals,,-,Loft SG - 97,(En/Fr),,,Light Strategy,,,https://boardgamegeek.com/boardgame/253398/lost-cities-rivals
Lost Ruins of Arnak,,-,U4,,,,Strategy,,,https://boardgamegeek.com/boardgame/312484/lost-ruins-arnak
Lotus (1998),,-,Top Shelf,(En/Fr),,,Light Strategy,,,https://boardgamegeek.com/boardgame/2348/lotus
Lotus (2016),FA,-,-,,,,Light Strategy,,,https://boardgamegeek.com/boardgame/198525/lotus
Louis XIV,,-,Vestibule,(En/Fr),,,Strategy,,,https://boardgamegeek.com/boardgame/13642/louis-xiv
Love Letter,KC,Lvl1 SG - 63,Y2,,,Y,Light Strategy,,,https://boardgamegeek.com/boardgame/129622/love-letter
Love Letter: Premium Edition,,-,O1,,,,Light Strategy,,,https://boardgamegeek.com/boardgame/196326/love-letter-premium
Love Letter: Princess Princess Ever After,,Lvl1 SG - 63,-,,,,Light Strategy,,,https://boardgamegeek.com/boardgame/339905/love-letter-princess-princess-ever-after
Ludo,,-,P2,(En/Fr),,,Light Strategy,,,https://boardgamegeek.com/boardgame/2136/pachisi
Luxantis,,-,Counter,(En/Fr),,,Family,,,https://boardgamegeek.com/boardgame/259342/luxantis
Machi Koro (original),,Top Shelf,-,,,Y,Light Strategy,,,https://boardgamegeek.com/boardgame/143884/machi-koro
Machi Koro 2,FB,6C,O1,,,,Light Strategy,,,https://boardgamegeek.com/boardgame/340364/machi-koro-2
Mad Gab,,-,D1,,,Y,Party,,,https://boardgamegeek.com/boardgame/764/mad-gab
Mad Libs,,-,D2,,Y,,Party,,,https://boardgamegeek.com/boardgame/183364/mad-libs-game
Mad Libs Adult,,Overflow,-,,,,Adult,,,https://boardgamegeek.com/boardgame/227983/adult-mad-libs-game
Mad Magazine,Overflow,Overflow,Overflow,,,,Family,,,https://boardgamegeek.com/boardgame/1604/mad-magazine-game
Mad Zepplin,,Overflow,Overflow,,,,Light Strategy,,,https://boardgamegeek.com/boardgame/66459/mad-zeppelin
MagBlast,Overflow,Overflow,Overflow,,,,Light Strategy,,,https://boardgamegeek.com/boardgame/23142/magblast-third-edition
Magic Labyrinth,,4D,L4,(En/Fr),,Y,Light Strategy,,,https://boardgamegeek.com/boardgame/41916/magic-labyrinth
Magic Maze,AD,1C,H1,(En/Fr),,Y,Light Strategy,,,https://boardgamegeek.com/boardgame/209778/magic-maze
Magic Maze Kids,-,Overflow,Overflow,(En/Fr),Y,,Family,,,https://boardgamegeek.com/boardgame/242740/magic-maze-kids
Magic Mountain,-,4A,-,,,,Family,,,https://boardgamegeek.com/boardgame/341919/magic-mountain
Magic The Gathering: Game Night,-,-,O1,,,,Strategy,,,https://boardgamegeek.com/boardgameexpansion/297821/magic-gathering-game-night-2019
Mahjong (Singaporean),-,,Counter,(En/Fr),,,Light Strategy,,"You can play most versions with this, but not American",https://boardgamegeek.com/boardgame/2093/mahjong
Mahjong (Taiwanese / Chinese),-,-,Counter,(En/Fr),,,Light Strategy,,"Youy can play most verions with this, but not American or Singaporean",https://boardgamegeek.com/boardgame/2093/mahjong
Majority Rules,-,-,D1,,,,Party,,Our copy is beat up but this is out of print.,https://boardgamegeek.com/boardgame/146870/majority-rules
Maki Stack,-,-,D1,(En/Fr),,,Dexterity,,,https://boardgamegeek.com/boardgame/240094/maki-stack
Malarky,JA,-,-,,,,Party,,,https://boardgamegeek.com/boardgame/19756/malarkey
Malarky Card Game,KC,-,-,,,,Party,,,https://boardgamegeek.com/boardgame/4073/malarky-card-game
Mana,-,3E,-,,,,Two Player,,,https://boardgamegeek.com/boardgame/21703/mana
Mancala,-,-,J2,(En/Fr),,,Two Player,,,https://boardgamegeek.com/boardgame/2448/kalah
Mantis,FB,-,-,,,,Light Strategy,,,https://boardgamegeek.com/boardgame/358690/mantis
Mariposas,,-,P2,,,,Light Strategy,X,,https://boardgamegeek.com/boardgame/297978/mariposas
Marrakech ,,4D,L4,(En/Fr),,,Family,,,https://boardgamegeek.com/boardgame/29223/marrakech
Marrying Mr. Darcy,,-,O2,,,,Light Strategy,,,https://boardgamegeek.com/boardgame/145308/marrying-mr-darcy
Martian Dice,,-,Y2,(En/Fr),,,Family,,,https://boardgamegeek.com/boardgame/99875/martian-dice
Marvel Fluxx,,-,Loft SG - 91,,,,Light Strategy,,,https://boardgamegeek.com/boardgame/272541/marvel-fluxx
Marvel Remix,,-,Loft SG - 94,,,,Light Strategy,,,https://boardgamegeek.com/boardgame/359152/marvel-remix
Mascarade ,,-,Loft SG - 94,,Y,,Party,,,https://boardgamegeek.com/boardgame/139030/mascarade
Massgammon (Crash Factor),,Overflow,Overflow,,,,Light Strategy,,,https://boardgamegeek.com/boardgame/329489/crash-factor
Master Dater,,-,D1,,,,Party,,,https://boardgamegeek.com/boardgame/360377/master-dater
Master Dater w/ Uncut Expansion,,13D,-,,,,Adult,,,https://boardgamegeek.com/boardgame/360377/master-dater
Master Labyrinth,,Overflow,Overflow,(En/Fr),,,Family,,,https://boardgamegeek.com/boardgame/33071/master-labyrinth
Master Word,,10D,D2,,,,Party,,,https://boardgamegeek.com/boardgame/302734/master-word
Master Word (Français),,Overflow,Overflow,,,,Party,,,https://boardgamegeek.com/boardgame/302734/master-word
Mastermind,,3F,L3,(En/Fr),,Y,Family,,,https://boardgamegeek.com/boardgame/2392/mastermind
Masterpiece,,-,K5,,Y,,Light Strategy,,,https://boardgamegeek.com/boardgame/1501/masterpiece
Match 5,,10B,-,,,,Party,,,https://boardgamegeek.com/boardgame/306169/match-5
Match Madness,,10B,-,(En/Fr),,,Party,,,https://boardgamegeek.com/boardgame/204498/match-madness
Match Madness Duo,-,3E,-,(En/Fr),,,Two Player,,,https://boardgamegeek.com/boardgame/364113/match-madness-duo
Match Mate,,Top Shelf,-,,,,Adult,,,https://boardgamegeek.com/boardgame/28467/match-mate
Match Up! Food,,-,Loft SG - 98,,,,Cooperative / Trivia,,,https://boardgamegeek.com/boardgame/267359/linkto-food
Maui,,-,O1,(En/Fr),,,Light Strategy,,,https://boardgamegeek.com/boardgame/361279/maui
Maul Peak,BA,-,-,,,,Two Player,,,https://boardgamegeek.com/boardgame/292490/maul-peak
Mea Culpa,FB,-,-,,Y,,Strategy,,,https://boardgamegeek.com/boardgame/203624/mea-culpa
Meadow,,-,P3,(En/Fr),,,Strategy,,,https://boardgamegeek.com/boardgame/314491/meadow
Medici,,-,U1,(En/Fr),,,Strategy,,,https://boardgamegeek.com/boardgame/46/medici
Medieval Academy,FB,-,-,(En/Fr),,,Light Strategy,,,https://boardgamegeek.com/boardgame/154386/medieval-academy
Medium: A Mind-Reading Party Game,-,-,Loft SG - 94,,,,Party,,,https://boardgamegeek.com/boardgame/242529/medium
Meeple Circus,JA,-,,,Y,,Dexterity,,,https://boardgamegeek.com/boardgame/193214/meeple-circus
Menara,-,1B,P5,(En/Fr),,Y,Dexterity,,,https://boardgamegeek.com/boardgame/244608/menara
Mental Floss,-,-,A5,,,,Trivia,,,https://boardgamegeek.com/boardgame/19621/mental-floss-game
Merchant of Venus,-,-,Fireplace,,,,Strategy,,,https://boardgamegeek.com/boardgame/131646/merchant-venus-second-edition
Merchants and Mauraders,-,-,Fireplace,,,,Strategy,,,https://boardgamegeek.com/boardgame/25292/merchants-marauders
Merlin (with Queenie Expansions),-,-,U1,(En/Fr),,,New / Strategy,,,https://boardgamegeek.com/boardgame/230933/merlin
Metropolys,-,-,Top Shelf,(En/Fr),,,Light Strategy,,,https://boardgamegeek.com/boardgame/25568/metropolys
Mexica,-,Top Shelf,-,(En/Fr),,,Strategy,,,https://boardgamegeek.com/boardgame/2955/mexica
Mexican Train Dominoes,-,-,Counter,(En/Fr),,,Light Strategy,,,https://boardgamegeek.com/boardgame/11634/mexican-train
Microbrew,Overflow,Overflow,Overflow,,,,New / Strategy,,,https://boardgamegeek.com/boardgame/240529/microbrew
MicroMacro: Crime City,-,-,P3,,,,Cooperative,,,https://boardgamegeek.com/boardgame/318977/micromacro-crime-city
Micropolis,-,-,P3,(En/Fr),,,Light Strategy,,,https://boardgamegeek.com/boardgame/239840/micropolis
Middle Earth Quest,-,-,Top Shelf,,,,Strategy,,,https://boardgamegeek.com/boardgame/31563/middle-earth-quest
Mille Bornes,-,Lvl1 SG - 64,-,(En/Fr),,,Family,,,https://boardgamegeek.com/boardgame/590/mille-bornes
Millenials vs Boomers,KC,-,-,,,,Party,,,https://boardgamegeek.com/boardgame/358055/millennials-vs-boomers
"Million Dollars, But...",-,Overflow,Overflow,,Y,,Adult,,,https://boardgamegeek.com/boardgame/200610/million-dollars-game
Mind Map,JB,-,-,,,,Party,,,https://boardgamegeek.com/boardgame/401409/mind-map
Mind MGMT,-,-,Top Shelf,,,,Strategy,,,https://boardgamegeek.com/boardgame/284653/mind-mgmt-psychic-espionage-game
Mind Space,-,-,Loft SG - 99,,,,New / Strategy,,,https://boardgamegeek.com/boardgame/377420/mind-space
Mind Up!,-,-,Loft SG - 98,(En/Fr),,,Light Strategy,,,https://boardgamegeek.com/boardgame/377515/mind-up
"Mind, The",-,Lvl1 SG - 64,Loft SG - 99,(En/Fr),,Y,Cooperative,,,https://boardgamegeek.com/boardgame/244992/the-mind
"Mind, The: Extreme",-,-,Loft SG - 99,,,,Party,,,https://boardgamegeek.com/boardgame/287607/the-mind-extreme
Mindbug: First Contact,-,2C,-,,,,Two Player,,,https://boardgamegeek.com/boardgame/345584/mindbug-first-contact
Mindrings,Overflow,Overflow,Overflow,,,,Two Player,,,https://boardgamegeek.com/boardgame/17238/mindrings
MindTrap,-,-,Loft SG - 99,,,,New / Party,,,https://boardgamegeek.com/boardgame/1923/mindtrap
Minecraft: Builders & Biomes,-,-,V5,,,,Strategy / New,,,https://boardgamegeek.com/boardgame/269603/minecraft-builders-and-biomes
Mint Bid,-,-,Lvl1 SG - 64,,,,New / Strategy,,,https://boardgamegeek.com/boardgame/328569/mint-bid
Mint Control,-,-,Lvl1 SG - 63,,,,New / Strategy,,,https://boardgamegeek.com/boardgame/299249/mint-control
Mint Delivery,-,-,Lvl1 SG - 62,,,,Light Strategy / New,,,https://boardgamegeek.com/boardgame/230251/mint-delivery
Mint Works,-,Lvl1 SG - 62,-,,,,Light Strategy,,,https://boardgamegeek.com/boardgame/200077/mint-works
Mission: Red Planet,CD,-,-,,,,Strategy,,,https://boardgamegeek.com/boardgame/176920/mission-red-planet-second-edition
Mists Over Carcassonne,-,1B,-,(En/Fr),,,Cooperative,,,https://boardgamegeek.com/boardgame/358124/mists-over-carcassonne
MLEM: Space Agency,-,-,P4,,,,Light Strategy,,,https://boardgamegeek.com/boardgame/387378/mlem-space-agency
Modern Art Card Game,-,-,Loft SG - 99,,,,Light Strategy,,,https://boardgamegeek.com/boardgame/40381/modern-art-card-game
Modern Family Game,-,-,M5,,,,Light Strategy,,,https://boardgamegeek.com/boardgame/130080/modern-family-game
Mole in the Hole,BD,-,-,(En/Fr),,,Family,,,https://boardgamegeek.com/boardgame/321/the-mole-in-the-hole
"Mole, The",-,13B,X2,,,,Adult,,,https://boardgamegeek.com/boardgame/355644/the-mole
Monarch,-,6B,P4,,,,Light Strategy,,,https://boardgamegeek.com/boardgame/173115/monarch
Monikers,-,13D,-,,,,Adult,,,https://boardgamegeek.com/boardgame/156546/monikers
Monikers: Monikerers,LC,-,-,,,,Adult,,,https://boardgamegeek.com/boardgame/404462/monikers-monikers-er/images
Monolyth,-,6B,-,,,,Light Strategy,,,https://boardgamegeek.com/boardgame/373759/monolyth
Monopoly,BD,4C,K1,(En/Fr),Y,Y,Family,,,https://boardgamegeek.com/boardgame/1406/monopoly
Monopoly Deal,DC,Lvl1 SG - 63,Loft SG - 94,,Y,,Family,,,https://boardgamegeek.com/boardgame/164840/monopoly-deal
Monopoly Gilmore Girls,-,14,-,,,,Family,,,https://theop.games/products/monopoly-gilmore-girls?srsltid=AfmBOop0TPxBoQTKhWvjf7GkuTT-Mne7cy4pndqmI98jmnjsFXEAeFFn
Monopoly Knockout,Overflow,Overflow,Overflow,,,,Dexterity / Family,,,https://boardgamegeek.com/boardgame/404983/monopoly-knockout
Monopoly Scrabble,-,4C,-,,,,Family,,,https://boardgamegeek.com/boardgame/391992/monopoly-scrabble
Monopoly: Cheaters Edition,-,4C,-,(En/Fr),,,Family,,,https://boardgamegeek.com/boardgame/254617/monopoly-cheaters-edition
Monopoly: Family Guy,Overflow,Overflow,Overflow,,,,Family,,,https://boardgamegeek.com/boardgame/24141/monopoly-family-guy
Monopoly: Golden Girls,-,-,-,,,Y,Family,X,,https://boardgamegeek.com/boardgame/270145/monopoly-the-golden-girls
Monopoly: Lord of the Rings Trilogy Edition,-,Overflow,Overflow,,,,Family,,,https://boardgamegeek.com/boardgame/8041/monopoly-the-lord-of-the-rings-trilogy-edition
Monopoly: Ottawa Edition,-,-,K1,,Y,,Family,X,,https://toytales.ca/monopoly-ottawa-from-hasbro/
Monopoly: Pirates of the Caribbean,Overflow,Overflow,Overflow,,,,Family,,,https://boardgamegeek.com/boardgame/24137/monopoly-pirates-caribbean
Monopoly: Star Wars,-,4C,-,(En/Fr),,,Family,,,https://boardgamegeek.com/boardgame/183521/monopoly-star-wars
MonsDRAWsity,JB,-,-,,,,Party,,,https://boardgamegeek.com/boardgame/283212/monsdrawsity
Monster Chase,-,Overflow,Overflow,(En/Fr),,,Cooperative / Family,,,https://boardgamegeek.com/boardgame/43578/monster-chase
Monster Crunch: The Breakfast Battle Game,FC,-,-,,,,Light Strategy,,,https://boardgamegeek.com/boardgame/256541/monster-crunch-breakfast-battle-game
Monster Expedition,Overflow,Overflow,Overflow,,,,New / Strategy,,,https://boardgamegeek.com/boardgame/313698/monster-expedition
Monster Match,-,-,Y4,,,,Party,,,https://boardgamegeek.com/boardgame/246696/monster-match
Monza,-,-,L4,(En/Fr),,Y,Family,,,https://boardgamegeek.com/boardgame/4209/monza
Moral Dilemma,-,13E,-,,Y,Y,Adult,,,https://boardgamegeek.com/boardgame/167715/moral-dilemma
more dude,-,Lvl1 SG - 56,-,,,,Party,,,https://boardgamegeek.com/boardgame/256397/more-dude
Morels,-,3E,-,(En/Fr),,,Two Player,,,https://boardgamegeek.com/boardgame/122298/morels
Morphology,-,-,D2,,,,Party,,,https://boardgamegeek.com/boardgame/86433/morphology
Motley,-,Lvl 1 SG - 64,-,,,,Party,,,https://boardgamegeek.com/boardgame/382101/motley
Mountains of Madness,-,-,Top Shelf,,,,Cooperative,,,https://boardgamegeek.com/boardgame/214293/mountains-of-madness
Movie Buff,KC,-,-,,,,Trivia,,,https://boardgamegeek.com/boardgame/182062/movie-buff
Movie Trivia Volume 3,Overflow,Overflow,Overflow,,,,Trivia,,,
Mr. Jack,-,3E,J4,(En/Fr),,Y,Two Player,,,https://boardgamegeek.com/boardgame/21763/mr-jack
Mr. Jack in New York,-,-,J4,(En/Fr),Y,Y,Two Player,,,https://boardgamegeek.com/boardgame/55427/mr-jack-new-york
Mr. Jack Pocket (missing),-,Overflow,Overflow,(En/Fr),Y,Y,Two Player,X,,https://boardgamegeek.com/boardgame/72287/mr-jack-pocket
Mr. Lovenstein Presents: No Context,JB,-,-,,,,Party,,,https://boardgamegeek.com/boardgame/382581/mr-lovenstein-presents-no-context
MTV: The Throwback Music Party Game,-,10A,-,,,,Trivia,X,,https://boardgamegeek.com/boardgame/313833/mtv-the-throwback-music-party-game
Mummy Rummy,Overflow,Overflow,Overflow,,,,Family,,,https://boardgamegeek.com/boardgame/452/mummy-rummy
Munchkin Critical Role,FC,-,-,,,,Light Strategy,,,https://boardgamegeek.com/boardgame/303981/munchkin-critical-role
Munchkin Cthulhu ,-,-,P4,,,,Light Strategy,,,https://boardgamegeek.com/boardgame/25071/munchkin-cthulhu
Munchkin Deluxe,FC,6B,P4,,,Y,Light Strategy,,,https://boardgamegeek.com/boardgame/1927/munchkin
Munchkin Quest,-,-,Top Shelf,,,,Strategy,,,https://boardgamegeek.com/boardgame/29678/munchkin-quest
Munchkin Teenage Mutant Ninja Turtles,-,-,P4,,,,Light Strategy,,,https://boardgamegeek.com/boardgame/246689/munchkin-teenage-mutant-ninja-turtles
Munchkin Zombies,-,-,P4,,,,Light Strategy,,,https://boardgamegeek.com/boardgame/86955/munchkin-zombies
Muse,JB,11D,D2,(En/Fr),Y,,Party,,,https://boardgamegeek.com/boardgame/234396/muse
MusicIQ,Overflow,Overflow,Overflow,,,,Trivia,,,https://boardgamegeek.com/boardgame/191928/music-iq
My Ex,-,13C,-,,,,Adult,,,https://dssgames.com/products/my-ex-a-trash-talk-therapy-game
My Favourite Things,-,-,Loft SG -100,,,,Light Strategy,,,https://boardgamegeek.com/boardgame/188530/my-favourite-things
My First Carcassonne,-,Top Shelf,-,,,,Family,,,https://boardgamegeek.com/boardgame/41010/my-first-carcassonne
My First Stone Age,-,-,L4,,,,Family,,,https://boardgamegeek.com/boardgame/191004/my-first-stone-age
My Little Scythe,Overflow,Overflow,Overflow,,,,Family,,,https://boardgamegeek.com/boardgame/226320/my-little-scythe
My Shelfie,FC,-,-,,,,Light Strategy,,,https://boardgamegeek.com/boardgame/366456/my-shelfie
Mykerinos,-,-,Vestibule,(En/Fr),,,Strategy,,,https://boardgamegeek.com/boardgame/21441/mykerinos
Myrmes,-,Top Shelf,-,(En/Fr),,,Strategy,,,https://boardgamegeek.com/boardgame/126792/myrmes
"Mysterious Magical Lake, The",-,4B,-,(En/Fr),,,Family,,,https://boardgamegeek.com/boardgame/244528/the-mysterious-magical-lake
Mysterium,AE,1C,H3,(En/Fr),Y,Y,Cooperative,,,https://boardgamegeek.com/boardgame/181304/mysterium
Mysterium Park,-,1B,-,(En/Fr),,,Cooperative,,,https://boardgamegeek.com/boardgame/301767/mysterium-park
Mystery of the Abbey,-,-,Vestibule,,,,Strategy,,,https://boardgamegeek.com/boardgame/915/mystery-abbey
Mystic Paths,-,10B,-,,,Y,Cooperative,,,https://boardgamegeek.com/boardgame/336552/mystic-paths
Mystic Vale ,-,-,U1,,,,Strategy,,,https://boardgamegeek.com/boardgame/194607/mystic-vale
Mythbusters: The Game,-,Overflow,Overflow,,,,Trivia,,,https://boardgamegeek.com/boardgame/88554/mythbusters-the-game
Nada!,-,Overflow,Overflow,(En/Fr),,,Light Strategy,,,https://boardgamegeek.com/boardgame/137931/nada
Nagaraja,-,3B,J4,(En/Fr),,Y,Two Player,,,https://boardgamegeek.com/boardgame/244191/nagaraja
Name 5,-,-,E4,,,,Party,,,https://boardgamegeek.com/boardgame/89340/name-5
Name the Emoji,-,Overflow,Overflow,,,,Party,,,https://bubblegumstuff.com/View/27/name-the-emoticon-game-original
Namesake,Overflow,Overflow,Overflow,,,,Party,,,https://boardgamegeek.com/boardgame/9521/namesake
Namiji,-,6A,-,,,,Light Strategy,,,https://boardgamegeek.com/boardgame/275215/namiji
Narabi,-,-,Loft SG - 98,,,,Cooperative,,,https://boardgamegeek.com/boardgame/257836/narabi
Nasenbar (Nosy Bear),-,Overflow,Overflow,(En/Fr),,,Family,,,https://boardgamegeek.com/boardgame/32252/nosy-bear
"Nasty 7, The / Les 7 Vilains",-,-,Loft SG - 82,(En/Fr),,,Party,,,https://boardgamegeek.com/boardgame/32252/nasenbar
Nations,-,-,Top Shelf,,,,Strategy,,,https://boardgamegeek.com/boardgame/126042/nations
Nefarious,FC,-,-,,,,Light Strategy,,,https://boardgamegeek.com/boardgame/108044/nefarious
Nekojima,-,6A,-,(En/Fr),,,Dexterity / Light Strategy,,,https://boardgamegeek.com/boardgame/359029/nekojima
Nertz,-,Lvl1 SG - 65,-,,,,Light Strategy,,,https://boardgamegeek.com/boardgame/7263/nertz
Nestlings,-,-,V5,,,,Strategy,,,https://boardgamegeek.com/boardgame/359157/nestlings
Neuroshima Hex,-,-,Top Shelf,,,,Strategy,,,https://boardgamegeek.com/boardgame/21241/neuroshima-hex-30
Never Have I Ever,LC,13C,-,,,Y,Adult,,,https://boardgamegeek.com/boardgame/170274/never-have-i-ever-the-game-of-poor-life-decisions
New York 1901,CD,-,-,,Y,,Strategy,,,https://boardgamegeek.com/boardgame/174660/new-york-1901
New York Slice,-,-,P2,,,,Light Strategy,,,https://boardgamegeek.com/boardgame/208895/new-york-slice
"New Yorker Cartoon Caption Game, The",-,-,E4,,,,Party,,,https://boardgamegeek.com/boardgame/28454/the-new-yorker-cartoon-caption-game
Nexus Ops,-,-,W4,,,,Strategy,,,https://boardgamegeek.com/boardgame/15363/nexus-ops
Niagara,-,-,U1,(En/Fr),,,Strategy,,,https://boardgamegeek.com/boardgame/13308/niagara
Nidavellir,-,6B,-,(En/Fr),,,Strategy,,,https://boardgamegeek.com/boardgame/293014/nidavellir
"Night Cage, The",-,1C,-,,,,Cooperative,,,https://boardgamegeek.com/boardgame/306709/the-night-cage
Night of the Ninja,JB,10B,D1,,,Y,Party,,,https://boardgamegeek.com/boardgame/306321/night-ninja
Nimalia,DC,-,-,(En/Fr),,,Light Strategy,,,https://boardgamegeek.com/boardgame/361850/nimalia
Nimble,-,-,Loft SG - 98,(En/Fr),,,Light Strategy,,,https://boardgamegeek.com/boardgame/245446/nimble
Nine Tiles Panic,-,-,Loft SG - 99,,,,Light Strategy,,,https://boardgamegeek.com/boardgame/279869/nine-tiles-panic
Ninja Dice,-,Fireplace,-,,,,Light Strategy,,,https://boardgamegeek.com/boardgame/136587/ninja-dice
Ninja Taisen,-,2C,J2,(En/Fr),,,Two Player,,,https://boardgamegeek.com/boardgame/162041/ninja-taisen
Ninjato,-,-,Top Shelf,,,,Strategy,,,https://boardgamegeek.com/boardgame/50768/ninjato
Nitro Glyxerol,FD,-,-,(En/Fr),,,Party,,,https://boardgamegeek.com/boardgame/181615/nitro-glyxerol
Niya,-,-,J2,,,,Two Player,,,https://boardgamegeek.com/boardgame/125311/okiya
NMBR 9,-,-,P3,(En/Fr),,,Family,,,https://boardgamegeek.com/boardgame/217449/nmbr-9
No Mercy,-,-,Loft SG - 97,(En/Fr),,,Light Strategy,,,https://boardgamegeek.com/boardgame/339214/no-mercy
No Thanks!,-,Lvl1 SG - 69,Loft SG - 99,,,,Party,,,https://boardgamegeek.com/boardgame/12942/no-thanks
Noctiluca,-,-,P2,,,,Light Strategy,,,https://boardgamegeek.com/boardgame/269752/noctiluca
Noggin,-,Lvl1 SG - 65,Loft SG - 100,,,,Party,,,https://boardgamegeek.com/boardgame/365235/noggin
Not Alone,-,6B,P2,,,,Strategy,,,https://boardgamegeek.com/boardgame/194879/not-alone
Nova Luna,-,6B,-,(En/Fr),,,Light Strategy,,,https://boardgamegeek.com/boardgame/284435/nova-luna
"Number, The",Overflow,Overflow,Overflow,,,,Light Strategy,,,https://boardgamegeek.com/boardgame/307450/the-number
Numbers Up!,BE,-,-,(En/Fr),,,Dexterity / Family,,,https://boardgamegeek.com/boardgame/422572/numbers-up
Nunatak: Temple of Ice,-,6A,-,,,,Light Strategy,,,https://boardgamegeek.com/boardgame/383158/nunatak-temple-of-ice
Nuns on the Run,-,-,Top Shelf,,,,Strategy,,,https://boardgamegeek.com/boardgame/65515/nuns-run
Nyctophobia,FD,-,-,,,,Light Strategy,,,https://boardgamegeek.com/boardgame/249505/nyctophobia
NYET!,-,-,Loft SG - 97,,,,Light Strategy,,,https://boardgamegeek.com/boardgame/1107/nyet
O.P. Arena,FD,-,-,,,,Light Strategy,,,https://boardgamegeek.com/boardgame/186945/op-arena
Obscensity: A Shamless Adut Party Game,Overflow,Overflow,Overflow,,Y,,Adult,,,https://boardgamegeek.com/boardgame/243671/obscenity-shameless-adult-party-game
Obscurio,-,-,E4,,,,Party,,,https://boardgamegeek.com/boardgame/273477/obscurio
"OC Game, The",-,Overflow,Overflow,,,,Trivia,,,https://boardgamegeek.com/boardgame/22184/the-oc-game
Oceanos,FD,-,-,,,,Light Strategy,,,https://boardgamegeek.com/boardgame/192860/oceanos
"Office Trivia Game, The",-,-,A4,,,,Trivia,,,https://boardgamegeek.com/boardgame/36895/the-office-trivia-game
Oh Captain!,FE,-,-,,,,Light Strategy,,,https://boardgamegeek.com/boardgame/215918/oh-captain
Oh My Goods,,-,Loft SG - 100,,,,Strategy,,,https://boardgamegeek.com/boardgame/183840/oh-my-goods
Oh Really? ,JD,10B,E4,,,Y,Party,,,https://boardgamegeek.com/boardgame/341192/oh-really
Ohanami,,-,i2,,,,Light Strategy,,,https://boardgamegeek.com/boardgame/270314/ohanami
Okey Dokey,,-,Loft SG - 100,,,,Family,,,https://boardgamegeek.com/boardgame/211940/okey-dokey
Om Nom Nom,,-,L3,(En/Fr),,,Family,,,https://boardgamegeek.com/boardgame/147305/om-nom-nom
Omnigon,,Overflow,Overflow,(En/Fr),,,Strategy,,,https://boardgamegeek.com/boardgame/4607/omnigon
On a Scale of One to T-Rex,JC,-,-,,,,Party,,,https://boardgamegeek.com/boardgame/289018/on-a-scale-of-one-to-t-rex
Once Upon a Castle,Overflow,Overflow,Overflow,(En/Fr),,,Light Strategy,,,https://boardgamegeek.com/boardgame/244333/once-upon-castle
Once Upon a Time,-,Overflow,Overflow,,,,Family,X,,https://boardgamegeek.com/boardgame/1234/once-upon-a-time-the-storytelling-card-game
One Deck Dungeon,-,-,Loft SG - 83,,,,Two Player,,,https://boardgamegeek.com/boardgame/179275/one-deck-dungeon
One Night Revolution,FE,-,-,,Y,,Party,,,https://boardgamegeek.com/boardgame/176361/one-night-revolution
One Night Ultimate Vampire,Overflow,Overflow,Overflow,,,,Party,,,https://boardgamegeek.com/boardgame/180956/one-night-ultimate-vampire
One Night Ultimate Werewolf,IC,10D,Loft SG - 99,,,Y,Party,,,https://boardgamegeek.com/boardgame/180956/one-night-ultimate-vampire
One of Us,-,14,-,,,,Party,,,https://boardgamegeek.com/boardgame/406859/one-of-us
One Small Step,Overflow,Overflow,Overflow,,,,Strategy,,,https://boardgamegeek.com/boardgame/282227/one-small-step
One Week Ultimate Werewolf,FE,-,-,,,,Party,,,https://boardgamegeek.com/boardgame/252197/one-week-ultimate-werewolf
Onirim,-,-,Loft SG - 100,,,,Cooperative / Solo / Two Player,,,https://boardgamegeek.com/boardgame/156336/onirim-second-edition
Onitama,BA,2C,J2,,Y,Y,Two Player,,,https://boardgamegeek.com/boardgame/160477/onitama
Ooga Booga,-,-,Y2,,,,Party,,,https://boardgamegeek.com/boardgame/106753/ooga-booga
Operation,-,4B,L3,(En/Fr),,Y,Family,,Replacement ordered,https://boardgamegeek.com/boardgame/3737/operation
Orbis,CD,-,-,(En/Fr),,,Strategy,,,https://boardgamegeek.com/boardgame/255507/orbis
Orichalcum,-,-,Vestibule,,,,Strategy,,,https://boardgamegeek.com/boardgame/355888/orichalcum
Orleans,-,-,Top Shelf,,,,Strategy,,,https://boardgamegeek.com/boardgame/164928/orleans
Oros,Overflow,Overflow,Overflow,,,,Strategy,,,https://boardgamegeek.com/boardgame/313807/oros
Othello,-,-,J5,(En/Fr),,Y,Two Player,,,https://boardgamegeek.com/boardgame/2389/othello
Our Family is so Weird,JB,-,-,,,,Party,,,https://dssgames.com/products/our-family-is-so-weird
Outburst,JD,-,-,,,,Party,,,https://boardgamegeek.com/boardgame/920/ultimate-outburst
Outburst Remix,-,-,E5,,,,Party,,,https://boardgamegeek.com/boardgame/14525/outburst-remix
Outfoxed!,-,-,L3,,,,Cooperative / Family,,,https://boardgamegeek.com/boardgame/172931/outfoxed
Overboss,-,-,Vestibule,,,,Strategy,,,https://boardgamegeek.com/boardgame/310192/overboss-boss-monster-adventure
"Palace of Mad King Ludvig, The",-,-,Top Shelf,,,,Light Strategy,,,https://boardgamegeek.com/boardgame/223278/the-palace-of-mad-king-ludwig
Paleo,CE,-,-,,,,Strategy,,,https://boardgamegeek.com/boardgame/300531/paleo
Panamax,-,-,Top Shelf,,,,Strategy,,,https://boardgamegeek.com/boardgame/131287/panamax
Pandemic,AE,1A,H2,,Y,"Y, also cubes at loft counter",Cooperative,,,https://boardgamegeek.com/boardgame/30549/pandemic
Pandemic: Contagion,-,-,Q5,,,y,Light Strategy,,,https://boardgamegeek.com/boardgame/157789/pandemic-contagion
Pandemic: Hot Zone - Europe,AE,-,-,,,,Cooperative,,,https://boardgamegeek.com/boardgame/329670/pandemic-hot-zone-europe
Pandemic: Hot Zone - North America,-,1B,-,,,,Cooperative,,,https://boardgamegeek.com/boardgame/301919/pandemic-hot-zone-north-america
Pandemic: In the Lab,-,-,"Fireplace - In ""On the Brink"" box",,,,Cooperative,,,https://boardgamegeek.com/boardgame/137136/pandemic-lab
Pandemic: On the Brink,-,-,Fireplace,,,,Cooperative,,,https://boardgamegeek.com/boardgame/40849/pandemic-brink
Pandemic: Rapid Response,-,-,H2,,,,Cooperative,,,https://boardgamegeek.com/boardgame/280789/pandemic-rapid-response
Pandemic: Reign of Cthulhu,-,1A,H2,,,Y,Cooperative,,,https://boardgamegeek.com/boardgame/192153/pandemic-reign-cthulhu
Pandemic: Rising Tide,-,-,Fireplace,,,,Cooperative,,,https://boardgamegeek.com/boardgame/40849/pandemic-brink
Pandemic: The Cure,-,-,H2,,Y,,Cooperative,,,https://boardgamegeek.com/boardgame/150658/pandemic-cure
Panic Lab,-,-,Loft SG - 98,(En/Fr),,,Light Strategy,,,https://boardgamegeek.com/boardgame/121073/panic-lab
Panic on Wall Street,-,-,E5,,,,Party,,,https://boardgamegeek.com/boardgame/104581/panic-wall-street
Panik,Overflow,Overflow,Overflow,(En/Fr),,,Light Strategy,,,https://boardgamegeek.com/boardgame/140837/panik
Pantheon,-,-,Fireplace,,,,Strategy,,,https://boardgamegeek.com/boardgame/94480/pantheon
Pantone,-,10A,E3,,Y,,Party,,,https://boardgamegeek.com/boardgame/248584/pantone-game
Pants on Fire,-,Top Shelf,-,,,,Party,,,https://boardgamegeek.com/boardgame/42062/pants-on-fire
Paper Tales,FE,-,-,,,,Light Strategy,,,https://boardgamegeek.com/boardgame/217861/paper-tales
Papillon,-,-,Top Shelf,(En/Fr),,,Light Strategy,,,https://boardgamegeek.com/boardgame/241066/papillon
Parade,Overflow,Overflow,Overflow,,,,Family,,,https://boardgamegeek.com/boardgame/56692/parade
Parcheesi,-,-,P1,(En/Fr),,,Light Strategy,,,https://boardgamegeek.com/boardgame/2136/pachisi
Parfum,CE,-,-,(En/Fr),,,Light Strategy,,,https://boardgamegeek.com/boardgame/172546/parfum
Paris,-,-,Vestibule,,,,New / Strategy, ,,https://boardgamegeek.com/boardgame/282954/paris
Paris Paris,-,-,Top Shelf,(En/Fr),,,Light Strategy,,,https://boardgamegeek.com/boardgame/5825/paris-paris
Paris: La Cité de la Lumière,-,3C,-,,,,Two Player,,,https://boardgamegeek.com/boardgame/276498/paris-la-cite-de-la-lumiere
Paris: New Eden,Overflow,Overflow,Overflow,(En/Fr),,,Strategy,,,https://boardgamegeek.com/boardgame/284429/paris-new-eden
Parks,-,7F,-,,,,Light Strategy,,,https://boardgamegeek.com/boardgame/266524/parks
Parks (Second Edition),-,-,P2,,,,Light Strategy / New,,,https://boardgamegeek.com/boardgame/437306/parks-second-edition
Partners in Crime,JD,-,-,,,,Party,,,https://boardgamegeek.com/boardgame/366913/partners-in-crime
passtally,-,-,P1,,,,Light Strategy,,,https://boardgamegeek.com/boardgame/252265/passtally
Password,-,-,E2,,,,Party,,,https://boardgamegeek.com/boardgame/1549/password
Patchwork,BA,3E,J3,,Y,Y,Two Player,,,https://boardgamegeek.com/boardgame/163412/patchwork
Patchwork Doodle,-,-,Loft SG - 97,,,,Light Strategy,,,https://boardgamegeek.com/boardgame/264239/patchwork-doodle
Pay Day,-,-,L3,,,,Family,,,https://boardgamegeek.com/boardgame/1797/pay-day
Peaky Blinders: Under New Management,Overflow,Overflow,Overflow,,,,Strategy,,,https://boardgamegeek.com/boardgame/290822/peaky-blinders-under-new-management
Pebble Rock Delivery Service,-,1A,-,,,,Cooperative,,,https://boardgamegeek.com/boardgame/329086/pebble-rock-delivery-service
Pendulum,-,-,V4,,,,New / Strategy,,,https://boardgamegeek.com/boardgame/312804/pendulum
Penny Arcade the Game - Gamers vs. Evil,Overflow,Overflow,Overflow,,,,Light Strategy,,,https://boardgamegeek.com/boardgame/97803/penny-arcade-the-game-gamers-vs-evil
Pentago,-,3E,-,,,,Two Player,,,https://boardgamegeek.com/boardgame/19841/pentago
Pente,-,Top Shelf,-,,,,Two Player,,,https://boardgamegeek.com/boardgame/1295/pente
Perikles,Overflow,Overflow,Overflow,(En/Fr),,,Strategy,,,https://boardgamegeek.com/boardgame/21954/perikles
Personal Preference,Overflow,Overflow,Overflow,,,,Party,,,https://boardgamegeek.com/boardgame/4881/personal-preference
Personally Incorrect,-,13A,X5,,,,Adult,,,https://boardgamegeek.com/boardgame/140840/personally-incorrect
Perspectives,-,-,Top Shelf,,,,Cooperative,,,https://boardgamegeek.com/boardgame/400995/perspectives
Petit chevaux / Ludo,-,-,P2,(En/Fr),,,Light Strategy,,,https://boardgamegeek.com/boardgame/2136/pachisi
Petrichor,CE,-,-,,,,Strategy,,,https://boardgamegeek.com/boardgame/210274/petrichor
Phase 10,-,Lvl1 SG - 65,-,(En/Fr),Y,,Light Strategy,,,https://boardgamegeek.com/boardgame/1258/phase-10
Photograph,-,Lvl1 SG - 66,-,(En/Fr),,,Light Strategy,,,https://boardgamegeek.com/boardgame/215471/photograph
Photosynthesis,-,-,P2,(En/Fr),,,Light Strategy,,,https://boardgamegeek.com/boardgame/218603/photosynthesis
Picassimo,-,11F,E3,(En/Fr),,Y,Family,,,https://boardgamegeek.com/boardgame/209282/picassimo
Pick 'n' Choose,-,-,E2,,,,Party,,,https://boardgamegeek.com/boardgame/95756/pick-n-choose
Pick a Pen: Crypts,Overflow,Overflow,Overflow,,,,Light Strategy,,,https://boardgamegeek.com/boardgame/381825/pick-a-pen-crypts
Pick Your Poison,-,10A,-,,,,Party,,,https://boardgamegeek.com/boardgame/212310/pick-your-poison
Pick Your Poison: After Dark Edition,LC,-,X1,,,,Adult,,,https://boardgamegeek.com/boardgame/250718/pick-your-poison-nsfw-edition
Pick-a-Dog,Overflow,Overflow,Overflow,,,,Family,,,https://boardgamegeek.com/boardgame/123885/pick-dog
Pick-a-Pig ,-,-,Loft SG - 102,,Y,,Family,,,https://boardgamegeek.com/boardgame/123885/pick-a-dog
Pick-omino,-,-,Q5,(En/Fr),,,Light Strategy,,,https://boardgamegeek.com/boardgame/15818/pickomino
Pickles to Penguins,-,-,E3,,,,Party,,,https://boardgamegeek.com/boardgame/58698/pickles-to-penguins
Pictionary,JE,10A,E3,,Y,Y,Party,,,https://boardgamegeek.com/boardgame/2281/pictionary
Pictionary (Français),-,-,E3,(En/Fr),,,Party,,,https://boardgamegeek.com/boardgame/2281/pictionary
Pictionary Man,Overflow,Overflow,Overflow,,,,Party,,,https://boardgamegeek.com/boardgame/38154/electronic-pictionary-man
Pictomania (Second Edition),-,10A,E5,,,,Party,,,https://boardgamegeek.com/boardgame/252526/pictomania-second-edition
Picture Show,-,-,E5,(En/Fr),Y,,Party,,,https://boardgamegeek.com/boardgame/289123/picture-show
Pictureka! Card Game,-,Overflow,Overflow,,,,Party,,,https://boardgamegeek.com/boardgame/53317/pictureka-card-game
Pictures,JE,11F,-,,,,Party,,,https://boardgamegeek.com/boardgame/284108/pictures
PigzUp,BE,-,-,(En/Fr),,,Dexterity,,,https://boardgamegeek.com/boardgame/64888/pigzup
Piles!,KC,-,-,,,,Family,,,https://boardgamegeek.com/boardgame/400752/piles
Pioneer Days,-,-,Top Shelf,,,,Strategy,,,https://boardgamegeek.com/boardgame/200057/pioneer-days
Pioneers,-,-,V4,,,,New / Strategy,,,https://boardgamegeek.com/boardgame/232520/pioneers
Pirate 21,Overflow,Overflow,Overflow,,,,Light Strategy,,,https://boardgamegeek.com/boardgame/225000/pirate-21
Pirate's Cove,Overflow,Overflow,Overflow,,,,Strategy,,,https://boardgamegeek.com/boardgame/2987/pirates-cove
Pirateer,Overflow,Overflow,Overflow,,,,Light Strategy,,,https://boardgamegeek.com/boardgame/386/pirateer
Pirates!,Overflow,Overflow,Overflow,(En/Fr),,,Light Strategy,,,https://boardgamegeek.com/boardgame/20543/pirates
Pit Deluxe,JC,10D,-,,,Y,Party ,,,https://boardgamegeek.com/boardgame/140/pit
PitchCar Mini,,10A,-,(En/Fr),,,Dexterity,,,https://boardgamegeek.com/boardgame/14254/pitchcar-mini
Pitchstorm,Overflow,Overflow,Overflow,,,,Party,,,https://boardgamegeek.com/boardgame/254132/pitchstorm
Planet,FF,-,-,,,,Light Strategy,,,https://boardgamegeek.com/boardgame/252929/planet
Planting Evidence,JC,-,-,(En/Fr),,,Light Strategy,,,https://boardgamegeek.com/boardgame/358809/planting-evidence-card-game
Pocket Battles: Celts vs. Romans,Overflow,Overflow,Overflow,,,,Two Player,,,https://boardgamegeek.com/boardgame/42898/pocket-battles-celts-vs-romans
Pocket Battles: Orcs vs Elves,Overflow,Overflow,Overflow,,,,Two Player,,,https://boardgamegeek.com/boardgame/66081/pocket-battles-elves-vs-orcs
Poetry for Neanderthals,,13E (club in 15),X2 (club by counter),,,,Adult,,,https://boardgamegeek.com/boardgame/312786/poetry-neanderthals
Poetry for Neanderthals,,10D (club in 15),-,,,,Party,,,https://boardgamegeek.com/boardgame/312786/poetry-neanderthals
Point Salad,Overflow,Overflow,Overflow,,,,Light Strategy,,,https://boardgamegeek.com/boardgame/274960/point-salad
Pokemon Trainer Guess - Kanto Edition (electric pokeball),-,window left of library,-,,,,Trivia,,,https://www.zanzoon.net/resources/pokemon-trainer-guess-generic/
Poker Chips,,15,Counter,,,,Strategy,,,https://boardgamegeek.com/boardgame/1115/poker
Polis,,Overflow,Overflow,,,,Strategy,,,https://boardgamegeek.com/boardgame/234972/polis
Polyssimo,,1B,Overflow,,,,Cooperative / Solo,,,https://boardgamegeek.com/boardgame/256486/polyssimo-challenge
Poo the Card Game,,Overflow,Overflow,,,,Family,,,https://boardgamegeek.com/boardgame/60579/poo-the-card-game
Port Royal,,Top Shelf,-,,,,Light Strategy,,,https://boardgamegeek.com/boardgame/156009/port-royal
Portal: The Uncooperative Cake Acquisition Game,CE,-,-,,Y,,Light Strategy,,,https://boardgamegeek.com/boardgame/159406/portal-uncooperative-cake-acquisition-game
Portobello Market,,Top Shelf,-,,,,Strategy,,,https://boardgamegeek.com/boardgame/27356/portobello-market
Potion Explosion,,-,Q5,,,,Light Strategy,,,https://boardgamegeek.com/boardgame/180974/potion-explosion
Potlatch,DC,-,-,,,,Light Strategy,,,https://boardgamegeek.com/boardgame/238727/potlatch-game-about-economics
Power Grid,,-,V5,,,,Strategy,,,https://boardgamegeek.com/boardgame/2651/power-grid
Power Grid the First Sparks,,Overflow,Overflow,,,,Strategy,,,https://boardgamegeek.com/boardgame/106662/power-grid-first-sparks
Power Grid: The Card Game,Overflow,Overflow,Overflow,,,,New / Strategy,,,https://boardgamegeek.com/boardgame/203780/power-grid-the-card-game
Prehistories,,7F,-,(En/Fr),,,Light Strategy,,,https://boardgamegeek.com/boardgame/318183/prehistories
Prêt-à-Porter,,-,Top Shelf,,,,Strategy,,,https://boardgamegeek.com/boardgame/87890/pret-porter
Pretending to Grownup,-,-,Loft SG - 101,,,,Light Strategy / New,,,https://boardgamegeek.com/boardgame/209945/pretending-to-grownup
Princess Bride: Prepare to Die,JC,-,-,,,,Party,,,https://boardgamegeek.com/boardgame/137348/the-princess-bride-prepare-to-die
Priorities,,10D,-,,,,Party,,,https://boardgamegeek.com/boardgame/345056/priorities
Privacy,LF,13A,X4,,,,Adult,,,https://boardgamegeek.com/boardgame/9354/privacy
Prohis,,Overflow,Overflow,,,,Light Strategy,,,https://boardgamegeek.com/boardgame/165563/prohis
Project L,,6A,-,(En/Fr),,,Light Strategy,,,https://boardgamegeek.com/boardgame/260180/project-l
Prosperitea,,Overflow,Overflow,,,,Light Strategy,,,https://boardgamegeek.com/boardgame/306650/prosperitea
Puerto Rico,,-,V5,,,,Strategy,,,https://boardgamegeek.com/boardgame/3076/puerto-rico
Pulp Detective,-,-,Loft SG - 100,,,,Light Strategy / New,,,https://boardgamegeek.com/boardgame/233149/pulp-detective
Pulp Invasion,-,-,Loft SG - 101,,,,New / Strategy,,,https://boardgamegeek.com/boardgame/268469/pulp-invasion
Purrfect Match,,-,Loft SG - 101,,,,Light Strategy,,,https://boardgamegeek.com/boardgame/396426/purrfect-match
Purrlock Holmes,,-,H5,,,,Cooperative,,,https://boardgamegeek.com/boardgame/220203/purrrlock-holmes-furriartys-trail
"Pursuit of Happiness, The",,-,Vestibule,,,,Strategy,,,https://boardgamegeek.com/boardgame/181687/the-pursuit-of-happiness
PUSH,,Overflow,Overflow,,,,Light Strategy,,,https://boardgamegeek.com/boardgame/265256/push
Pyramids,Overflow,Overflow,Overflow,,Y,,Light Strategy,,,https://boardgamegeek.com/boardgame/213492/pyramids
Qawale,-,3D,J3,(En/Fr),,,Two Player,,,https://boardgamegeek.com/boardgame/368465/qawale
"Quacks of Quedlinburg, The",,8C,-,,,,Strategy,,,https://boardgamegeek.com/boardgame/244521/quacks
Quadrillion,Overflow,Overflow,Overflow,,,,New / Solo,,,https://smartgames.eu/uk/one-player-games/quadrillion-0
Quadropolis,CF,-,-,,,,Strategy,,,https://boardgamegeek.com/boardgame/176396/quadropolis
Quadtria,BA,Overflow,Overflow,(En/Fr),,,Two Player,,,https://boardgamegeek.com/boardgame/7868/quadtria
Quantum,,-,Top Shelf,,,,Strategy,,,https://boardgamegeek.com/boardgame/143519/quantum
Quarriors!,,7F,-,,,,Light Strategy,,,https://boardgamegeek.com/boardgame/91536/quarriors
Quartex,Overflow,Overflow,Overflow,(En/Fr),,,Light Strategy,,,https://boardgamegeek.com/boardgame/129295/quartex
Quarto,BB,3D,J3,(En/Fr),Y,Y,Two Player,,,https://boardgamegeek.com/boardgame/129295/quartex
"Queer Agenda, The",,13E,X1,,,,Adult,,,https://boardgamegeek.com/boardgame/368810/the-queer-agenda
Quelf,,-,E2,,,,Party,,,https://boardgamegeek.com/boardgame/19370/quelf
Query,,-,E1,,,,Party,X,,https://boardgamegeek.com/boardgame/153319/query
Quest,,-,F5,,,,Party,,,https://boardgamegeek.com/boardgame/316287/quest
"Quest for El Dorado, The",,7F,P1,(En/Fr),,,Light Strategy,,,https://boardgamegeek.com/boardgame/217372/the-quest-for-el-dorado
Question de Scrupules (français),,11F,-,(En/Fr),,,Party,,,https://boardgamegeek.com/boardgame/1748/question-scruples
"Question of Scruples, A",,11F,-,,Y,Y,Party,,,https://boardgamegeek.com/boardgame/1748/question-scruples
Quick & Dirty,,13E,missing,,Y,,Adult,X,,https://boardgamegeek.com/boardgame/196564/quick-and-dirty
Quicksand,,7F,-,(En/Fr),,,Cooperative,,,https://boardgamegeek.com/boardgame/396655/quicksand
QuickWits,,13C,-,,,,Adult,,,https://boardgamegeek.com/boardgame/150216/quickwits
Quiddler,,Overflow,Overflow,,,,Family,,,https://boardgamegeek.com/boardgame/339/quiddler
Quirky Circuits,AE,-,-,,,,Cooperative,,,https://boardgamegeek.com/boardgame/274093/quirky-circuits
Quixo,-,-,J3,(En/Fr),Y,Y,Two Player,,,https://boardgamegeek.com/boardgame/3190/quixo
Quoridor,BB,3C,J3,(En/Fr),Y,Y,Two Player,,,https://boardgamegeek.com/boardgame/624/quoridor
Quoridor: Pac-Man,,3C,-,(En/Fr),,,Light Strategy,,,https://boardgamegeek.com/boardgame/411617/quoridor-pac-man
Qwirkle,,7E,-,(En/Fr),,,Light Strategy,,,https://boardgamegeek.com/boardgame/25669/qwirkle
Qwixx,-,-,Loft SG - 101,,,,Light Strategy / New,,,https://boardgamegeek.com/boardgame/131260/qwixx
Ra,,-,V2,(En/Fr),,,Strategy,,,https://boardgamegeek.com/boardgame/12/ra
Rabbit Hole,iC,-,-,,,,Party,,,https://boardgamegeek.com/boardgame/386032/rabbit-hole
Race for the Galaxy,,-,V4,,,,Strategy,,,https://boardgamegeek.com/boardgame/28143/race-galaxy
Race to the Pole,-,14,-,,,,New / Strategy,,,https://www.martinredfern.com/racetothepole/
Race to the Raft,,-,Vestibule,,,,Strategy,,,https://boardgamegeek.com/boardgame/367375/race-raft
Racko,,-,Q4,(En/Fr),,Y,Light Strategy,,,https://boardgamegeek.com/boardgame/917/rack-o
Ragusa,-,-,Vestibule,,,,New / Strategy,,,https://boardgamegeek.com/boardgame/253635/ragusa/files
Raiders of the North Seas,,-,V4,,,,Strategy,,,https://boardgamegeek.com/boardgame/170042/raiders-north-sea
Raise Your Goblets,,-,D5,,Y,,Party,,,https://boardgamegeek.com/boardgame/202732/raise-your-goblets
Raising Hell,,Overflow,Overflow,,,,Adult,,,https://boardgamegeek.com/boardgame/297350/raising-hell
Rajas of the Ganges,,-,Fireplace,(En/Fr),,,Strategy,,,https://boardgamegeek.com/boardgame/220877/rajas-ganges
Ransom Notes,iC,13B,-,,Y,,Adult,,,https://boardgamegeek.com/boardgame/349812/ransom-notes
Raptor,-,3C,J4,(En/Fr),,Y,Two Player,,,https://boardgamegeek.com/boardgame/177639/raptor
Rats,-,Overflow,Overflow,,,,Light Strategy,,,https://boardgamegeek.com/boardgame/4068/rats
"Ravens of Thri Sahashri, The",-,-,Loft SG - 97,,,,Two Player,,,https://boardgamegeek.com/boardgame/150293/the-ravens-of-thri-sahashri
Really Loud Librarians,-,11F,-,,,,Party,,,https://boardgamegeek.com/boardgame/378367/really-loud-librarians
Rebel Princess,-,14,-,,,,Light Strategy / New,,,https://boardgamegeek.com/boardgame/418556/rebel-princess-deluxe-edition
Red 7,-,-,Loft SG - 102,,Y,,Light Strategy,,,https://boardgamegeek.com/boardgame/161417/red7
Red Dragon Inn,-,-,Q4,,,,Light Strategy,,,https://boardgamegeek.com/boardgame/24310/the-red-dragon-inn
Red Flags,LC,13C,X3,,,,Adult,,,https://boardgamegeek.com/boardgame/189062/red-flags
Red November,-,Top Shelf,-,,,,Cooperative,,,https://boardgamegeek.com/boardgame/36946/red-november
Reef,-,7E,-,(En/Fr),Y,,Light Strategy,,,https://boardgamegeek.com/boardgame/244228/reef
ReMEmber,Overflow,Overflow,Overflow,,,,Party,,,https://boardgamegeek.com/boardgame/353148/remember
"Resistance, The",-,11D,E2,,Y,Y,Party ,,,https://boardgamegeek.com/boardgame/41114/the-resistance
Revolution,-,-,V2,,,,Strategy,,,https://boardgamegeek.com/boardgame/34887/revolution
Rhino Hero,-,Lvl1 SG - 66,-,,Y,,Dexterity,,,https://boardgamegeek.com/boardgame/91514/rhino-hero
Rhino Hero Super Battle,-,-,P5,(En/Fr),,,Dexterity,,,https://boardgamegeek.com/boardgame/218333/rhino-hero-super-battle
"Rich and the Good, The / Hab & Gut",Overflow,Overflow,Overflow,(En/Fr),,,Strategy,,,https://boardgamegeek.com/boardgame/38863/the-rich-and-the-good
Rick and Morty: Total Rickall,-,Overflow,Overflow,,,,Cooperative,,,https://boardgamegeek.com/boardgame/194232/rick-and-morty-total-rickall-card-game
Ricochet Robots (replacement ordered),-,Top Shelf,-,,,,Light Strategy,,,https://boardgamegeek.com/boardgame/51/ricochet-robots
Ridiculous Expositions,-,-,X2,,,,Adult,,,https://boardgamegeek.com/boardgame/255480/ridiculous-expositions
Riff Raff,JE,11E,P5,(En/Fr),,Y,Dexterity,,,https://boardgamegeek.com/boardgame/118695/riff-raff
Riftforce,-,3C,-,,,,Two Player,,,https://boardgamegeek.com/boardgame/291859/riftforce
Rigamarole,,Overflow,Overflow,,,,Party,,,https://boardgamegeek.com/boardgame/4654/rigamarole
Rise,,-,Top Shelf,,,,Strategy,,,https://boardgamegeek.com/boardgame/369282/rise
Rising Sun,,-,Top Shelf,,,,Strategy,,,https://boardgamegeek.com/boardgame/205896/rising-sun
Risk,CF,8D,V3,(En/Fr),,Y,Strategy,,,https://boardgamegeek.com/boardgame/181/risk
Risk 2210 A.D.,,Top Shelf,-,,,,Strategy,,,https://boardgamegeek.com/boardgame/1829/risk-2210-ad
Risk: Godstorm,,Top Shelf,-,,,,Strategy,,,https://boardgamegeek.com/boardgame/10383/risk-godstorm
Risk: Lord of the Rings,,-,V3,(En/Fr),,,Strategy,,,https://boardgamegeek.com/boardgame/8107/risk-lord-rings-trilogy-edition
Risk: Metal Gear Solid,,Top Shelf,-,,,,Strategy,,,https://boardgamegeek.com/boardgame/103469/risk-metal-gear-solid
Risk: Plants vs Zombies,BB,-,-,,,,Two Player,,,https://boardgamegeek.com/boardgame/148036/risk-plants-vs-zombies
Risk: Star Wars - Original Trilogy Edition,,-,V3,,,,Strategy,,,https://boardgamegeek.com/boardgame/183880/risk-star-wars-edition
Risk: Star Wars Edition (2 players),Overflow,Overflow,Overflow,(En/Fr),,,Two Player,,,https://boardgamegeek.com/boardgame/183880/risk-star-wars-edition
Rival Networks,Overflow,Overflow,Overflow,,,,Two Player,,,https://boardgamegeek.com/boardgame/292489/the-rival-networks
River Dragons,,-,Q4,(En/Fr),,Y,Light Strategy,,,https://boardgamegeek.com/boardgame/634/river-dragons
River Valley Glassworks,-,-,Q3,,,,Light Strategy / New,,,https://boardgamegeek.com/boardgame/407297/river-valley-glassworks
"River, The",,Top Shelf,-,,,,Strategy,,,https://boardgamegeek.com/boardgame/257759/the-river
Roadkill,,-,P1,(En/Fr),,,Light Strategy,,,https://boardgamegeek.com/boardgame/191923/roadkill
Robin of Locksley,,-,R5,,,,Light Strategy,,,https://boardgamegeek.com/boardgame/280132/robin-locksley
Robinson Crusoe: Adventures on the Cursed Island,,-,Top Shelf,,,,Cooperative,,,https://boardgamegeek.com/boardgame/121921/robinson-crusoe-adventures-on-the-cursed-island
Robo Rally,,Top Shelf,Top Shelf,,,Y,Strategy,,,https://boardgamegeek.com/boardgame/18/roborally
Robotech: Ace Pilot,,Overflow,Overflow,,,,Light Strategy,,,https://boardgamegeek.com/boardgame/231477/robotech-ace-pilot
Rockband Manager,,Overflow,Overflow,,,,Light Strategy,,,https://boardgamegeek.com/boardgame/70916/rockband-manager
Roll 'n' Bump,FF,-,-,,,,Light Strategy,,,https://boardgamegeek.com/boardgame/110260/rolln-bump
Roll Camera! The Filmmaking Board Game,-,-,V2,,,,New / Strategy,,,https://boardgamegeek.com/boardgame/298102/roll-camera-the-filmmaking-board-game
Roll for Adventure,,-,H1,,,,Cooperative,,,https://boardgamegeek.com/boardgame/255683/roll-adventure
Roll for the Galaxy,,Overflow,Overflow,,,,Strategy,,,https://boardgamegeek.com/boardgame/132531/roll-galaxy
Roller Coaster Rush,,Overflow,Overflow,,,,Light Strategy,,,https://boardgamegeek.com/boardgame/379644/roller-coaster-rush
Roller Ghoster,,4A,-,(En/Fr),,,Family,,,https://boardgamegeek.com/boardgame/297894/roller-ghoster
Rolling Heights,,-,Vestibule,,,,Strategy,,,https://boardgamegeek.com/boardgame/331820/rolling-heights
Rondo,,-,P1,(En/Fr),,,Light Strategy,,,https://boardgamegeek.com/boardgame/129614/rondo
Room 25,,Overflow,Overflow,,,,Cooperative / Light Strategy / Semi-Cooperative,,,https://boardgamegeek.com/boardgame/127024/room-25
Root,,-,U5,,,,Strategy,,,https://boardgamegeek.com/boardgame/237182/root
Rorschach,,-,E2,,,Y,Party,,,https://boardgamegeek.com/boardgame/326804/rorschach
Rory's Story Cubes,,-,missing,,,,Family,X,,https://boardgamegeek.com/boardgame/20545/rorys-story-cubes
Rotten Apples,,Overflow,Overflow,,,,Adult,,,https://boardgamegeek.com/boardgame/176918/rotten-apples
Rotten Tomatoes: The Card Game,-,12D,-,,,,Trivia,,,https://boardgamegeek.com/boardgame/380923/rotten-tomatoes-card-game
Roundabout,FF,-,-,,,,Light Strategy,,,https://boardgamegeek.com/boardgame/11018/roundabout
Royals,,-,V3,,,,Strategy,,,https://boardgamegeek.com/boardgame/165986/royals
Rukshuk,,Lvl1 SG (top of right shelf),-,,,,Dexterity,X,,https://boardgamegeek.com/boardgame/24028/rukshuk
Rum and Bones,-,-,Top Shelf,,,,Two Player,,,https://boardgamegeek.com/boardgame/168788/rum-bones
Rummikub,,-,Q4,(En/Fr),,,Light Strategy,,,https://boardgamegeek.com/boardgame/811/rummikub
Rummoli,,4B,-,(En/Fr),,,Light Strategy,,,https://boardgamegeek.com/boardgame/9794/rummoli
Rumplestiltskin,-,-,J2,,,Y,Two Player,,,https://boardgamegeek.com/boardgame/175224/rumpelstiltskin
Rune Wars,,-,Top Shelf,,,,Strategy,,,https://boardgamegeek.com/boardgame/114800/rune-wars
Russian Railroads,,-,Top Shelf,,,,Strategy,,,https://boardgamegeek.com/boardgame/144733/russian-railroads
Saboteur ,DC,Lvl1 SG - 69,Loft SG - 103,,Y,Y,Light Strategy,,,https://boardgamegeek.com/boardgame/9220/saboteur
Saboteur 2,,-,Loft SG - 103,,,Y,Light Strategy,,,https://boardgamegeek.com/boardgame/91072/saboteur-2-expansion-only-editions
Saboteur: The Duel ,-,2C,-,,,Y,Two Player,,,https://boardgamegeek.com/boardgame/168215/saboteur-the-duel
Saboteur: The Lost Mines,,-,Q3,,,,Light Strategy,,,https://boardgamegeek.com/boardgame/245214/saboteur-lost-mines
Safranito,,Top Shelf,-,,,,Light Strategy,,was vestibule,https://boardgamegeek.com/boardgame/66849/safranito
Sagani,-,14,-,,,,Light Strategy / New,,,https://boardgamegeek.com/boardgame/309105/sagani
Sagrada,FF,7D,Q4,,Y,Y,Light Strategy,,,https://boardgamegeek.com/boardgame/199561/sagrada
"Same Game, The",,11E,-,,,,Party,,,https://boardgamegeek.com/boardgame/396542/the-same-game
"Same, Same, But Different",Overflow,Overflow,Overflow,,,,Adult,,,https://boardgamegeek.com/boardgame/392439/same-same-different
Samesies,,13C,X2,,,,Adult,,,https://www.boardgamebandit.ca/collections/party-board-games/products/samesies-party-game
Samurai Spirit,Overflow,Overflow,Overflow,,,,Cooperative,,,https://boardgamegeek.com/boardgame/158900/samurai-spirit
Samurai Sword,Overflow,Overflow,Overflow,,,,Light Strategy,,,https://boardgamegeek.com/boardgame/128667/samurai-sword
San Francisco,,-,Vestibule,(En/Fr),,,Light Strategy,,,https://boardgamegeek.com/boardgame/357271/san-francisco
Sandbag,DC,-,-,,,,Light Strategy,,,https://boardgamegeek.com/boardgame/412381/sandbag
Santorini,BB,3A,J1,(En/Fr),Y,Y,Two Player,,,https://boardgamegeek.com/boardgame/194655/santorini
Satanimals,,Lvl1 SG - 67,-,,,,Light Strategy,,,https://boardgamegeek.com/boardgame/261244/satanimals
Savannah Park,,7E,-,,,,Light Strategy,,,https://boardgamegeek.com/boardgame/339484/savannah-park
Say Anything,,11E,E1,,,Y,Party,,,https://boardgamegeek.com/boardgame/33604/say-anything
Say Anything Family Edition,JE,-,E1,,Y,Y,Party,,,https://boardgamegeek.com/boardgame/92852/say-anything-family-edition
Scarabya,,Top Shelf,-,,Y,,Light Strategy,,,https://boardgamegeek.com/boardgame/244330/scarabya
Scattergories,JF,11C,F3,(En/Fr),Y,Y,Party,,,https://boardgamegeek.com/boardgame/2381/scattergories
Schmovie,,-,F4,,,,Party,,,https://boardgamegeek.com/boardgame/137968/schmovie
Scooby Doo: The Board Game,-,-,N5,,,,Light Strategy,,,https://boardgamegeek.com/boardgame/310067/scooby-doo-the-board-game
Scooby Doo! Betrayal at Mystery Mansion,GA,-,-,,,,Light Strategy,,,https://boardgamegeek.com/boardgame/302809/betrayal-mystery-mansion
Scopa,,Overflow,Overflow,,,,Family,,,https://boardgamegeek.com/boardgame/15889/scopa
Score Cards,GA,-,-,(En/Fr),,,Light Strategy,,,https://boardgamegeek.com/boardgame/381639/score-cards
Scotland Yard,GA,7D,Q2,(En/Fr),Y,Y,Light Strategy,,,https://boardgamegeek.com/boardgame/438/scotland-yard
Scout,-,-,Loft SG - 101,(En/Fr),,,Light Strategy,,,https://boardgamegeek.com/boardgame/291453/scout
Scrabble,BE,4B,L2,,Y,Y,Family,,tile colour indicated by dot on the label,https://boardgamegeek.com/boardgame/320/scrabble
Scrabble (français),-,-,L2,(En/Fr),,,Light Strategy,,,https://boardgamegeek.com/boardgame/320/scrabble
Scythe,-,-,V1,,,,Strategy,,,https://boardgamegeek.com/boardgame/169786/scythe
Sea of Lies,-,-,Loft SG - 103,,,,Party,,,https://boardgamegeek.com/boardgame/405876/sea-of-lies
Sea Salt & Paper,-,Lvl1 SG - 67,-,(En/Fr),,,Light Strategy,,,https://boardgamegeek.com/boardgame/367220/sea-salt-paper
Seasons,-,-,V1,,,,Strategy,,,https://boardgamegeek.com/boardgame/108745/seasons
Second Chance,-,Lvl 1 SG - 68,-,,,,Light Strategy,,,https://boardgamegeek.com/boardgame/265683/second-chance
Secret Hitler,iC,11D,E1,,Y,Y,Party,,,https://boardgamegeek.com/boardgame/188834/secret-hitler
Secrets,Overflow,Overflow,Overflow,,,,Party,,,https://boardgamegeek.com/boardgame/200847/secrets
"Secrets Game, The",Overflow,Overflow,Overflow,,,,Adult,,,https://boardgamegeek.com/boardgame/200847/secrets
Seikatsu,-,-,Q3,,,,Light Strategy,,,https://boardgamegeek.com/boardgame/216428/seikatsu
Senjutsu: Battle for Japan,-,-,Vestibule,,,,Strategy,,,https://boardgamegeek.com/boardgame/343900/senjutsu-battle-for-japan
Sentinels of the Multiverse,-,-,Top Shelf,,,Y,Cooperative,,,https://boardgamegeek.com/boardgame/102652/sentinels-multiverse
Sequence,-,4C,L2,(En/Fr),,Y,Family,,,https://boardgamegeek.com/boardgame/2375/sequence
Set,-,Lvl1 SG - 68,-,,,,Family,,,https://boardgamegeek.com/boardgame/1198/set
Sexy Secrets,-,Top Shelf,-,,,,Adult,,,https://boardgamegeek.com/boardgame/42381/sexy-secrets
Shadow Hunters,CF,-,-,,,,Light Strategy,,,https://boardgamegeek.com/boardgame/24068/shadow-hunters
Shadows Over Camelot ,-,-,Top Shelf,,,,Semi-Cooperative,,,https://boardgamegeek.com/boardgame/15062/shadows-over-camelot
Shake,Overflpow,Overflow,Overflow,,,,Light Strategy,,,https://boardgamegeek.com/boardgame/30205/shake
Shake that City,GB,-,-,,,,Light Strategy,,,https://boardgamegeek.com/boardgame/359764/shake-city
Shaky Manor,-,-,L2,,,,Family,,,https://boardgamegeek.com/boardgame/232045/shaky-manor
Shashawa,Overlfow,Overflow,Overflow,(En/Fr),,,Family,,,https://boardgamegeek.com/boardgame/1692/spoons
Shazamm!,-,Top Shelf,-,,,,Light Strategy,,,https://boardgamegeek.com/boardgame/8935/shazamm
Sheep in Disguise,Overflow,Overflow,Overflow,,,,Light Strategy,,,https://boardgamegeek.com/boardgame/339592/sheep-in-disguise
Sheriff of Nottingham ,GB,7C,Q1,,Y,Y,Light Strategy,,,https://boardgamegeek.com/boardgame/157969/sheriff-nottingham
Sherlock 13,Overflow,Overflow,Overflow,,,,Light Strategy,,,https://boardgamegeek.com/boardgame/149869/sherlock-13
Sherlock Express,DC,-,-,(En/Fr),,,Light Strategy,,,https://boardgamegeek.com/boardgame/271774/sherlock-express
Sherlock Holmes Consulting Detective,Overflow,Overflow,Overflow,,,,Cooperative,,,https://boardgamegeek.com/boardgame/2511/sherlock-holmes-consulting-detective-thames-murder
Shifting Stones,GA,-,-,,,,Light Strategy,,,https://boardgamegeek.com/boardgame/302280/shifting-stones
ShipShape,-,-,Q2,,,,Light Strategy,,,https://boardgamegeek.com/boardgame/255594/shipshape
Shit Happens,LF,13A,X2,,Y,,Adult,,,https://boardgamegeek.com/boardgame/196379/shit-happens
Shobu,-,3B,-,,,,Two Player,,,https://boardgamegeek.com/boardgame/272380/shobu
Shogun,-,-,Top Shelf,(En/Fr),,,Strategy,,,https://boardgamegeek.com/boardgame/20551/shogun
Show and Tile,-,-,F4,,,,Party,,,https://boardgamegeek.com/boardgame/244725/show-tile
Show me the Kwan,Overflow,Overflow,Overflow,,,,Party ,,,https://boardgamegeek.com/boardgame/141828/show-me-kwan
Shut the Box,-,-,Q5,,,,Light Strategy,,,https://boardgamegeek.com/boardgame/9851/shut-box
Size Matters,JF,-,-,,,,Party,,,https://boardgamegeek.com/boardgame/28030/size-matters
Skip-Bo,-,Lvl1 SG - 69,Loft SG - 106,,Y,,Family,,,https://boardgamegeek.com/boardgame/1269/skip-bo
Skribble,JF,-,-,,,,Party,,,https://boardgamegeek.com/boardgame/79998/skribble
Skulk Hollow,-,3B,-,,,,Light Strategy,,,https://boardgamegeek.com/boardgame/232595/skulk-hollow
Skull,BC,Lvl1 SG - 66,Loft SG - 102,(En/Fr),,Y,Light Strategy,,,https://boardgamegeek.com/boardgame/92415/skull
Skullduggery,-,Overflow,Overflow,,,,Light Strategy,,,https://boardgamegeek.com/boardgame/24151/skullduggery
Sky Team,-,3A,i3,,Y,,Cooperative / Two Player,,,https://boardgamegeek.com/boardgame/373106/sky-team
SkyCapers,-,-,P5,,,,Dexterity,,,https://boardgamegeek.com/boardgame/6595/skycapers
Skyjo,-,Lvl1 SG - 66,-,(En/Fr),,,Light Strategy,,,https://boardgamegeek.com/boardgame/204135/skyjo
Skyline 3000,Overflow,Overflow,Overflow,,,,Strategy,,,https://boardgamegeek.com/boardgame/54643/skyline-3000
Skyrockets,-,1B,-,,,,Cooperative,,,https://boardgamegeek.com/boardgame/398684/skyrockets
Skyward,-,-,Q2,,,,Light Strategy,,,https://boardgamegeek.com/boardgame/209664/skyward
Slamwich,-,-,Y2,,,,Party,,,https://boardgamegeek.com/boardgame/3804/slamwich
Slanguage,-,14,-,,,,New / Party,,,https://boardgamegeek.com/boardgame/419668/slanguage
Slide Quest,-,-,L2,(En/Fr),,,Cooperative,,,https://boardgamegeek.com/boardgame/271785/slide-quest
SlingPuck,-,window left of library,-,(En/Fr),,Y,Two Player,,"extra pucks, no elastics",https://boardgamegeek.com/boardgame/310957/slingpuck
Small World,-,8C,V1,(En/Fr),,,Strategy,,,https://boardgamegeek.com/boardgame/40692/small-world
Small World 6 Player Board,Overflow,Overflow,Overflow,,,,Strategy,,,https://boardgamegeek.com/boardgame/149066/small-world-6-player-board
Small World Underground,-,Top Shelf,V1,,,,Strategy,,,https://boardgamegeek.com/boardgame/97786/small-world-underground
Small World Underground 6 Player Board,Overflow,Overflow,Overflow,,,,Strategy,,,https://boardgamegeek.com/boardgame/149066/small-world-6-player-board
Smart Ass ,JF,12C,A3,,Y,Y,Trivia,,,https://boardgamegeek.com/boardgame/27389/smart-ass
Smart Mouth,KA,-,-,,,,Party,,,https://boardgamegeek.com/boardgame/3924/smart-mouth
Smart10,-,12B,A4,,,,Trivia,,,https://boardgamegeek.com/boardgame/241590/smart10
Smarty Party,KA,-,-,,,,Trivia,,,https://boardgamegeek.com/boardgame/7062/smarty-party
Smash Up,-,7C,Q2,,,Y,Light Strategy,,,https://boardgamegeek.com/boardgame/122522/smash
Smash Up Munchkin,GD,-,-,,,,Light Strategy,,,https://boardgamegeek.com/boardgame/162559/smash-munchkin
Smiles & Daggers,KA,-,-,(En/Fr),,,Party,,,https://boardgamegeek.com/boardgame/254103/smiles-daggers
Snake Oil,KA,-,F4,,,Y,Party,,,https://boardgamegeek.com/boardgame/113289/snake-oil
Snap: The Interlocking Dragon-Making Game,-,Overflow,Overflow,,,,Family,,,https://boardgamegeek.com/boardgame/5468/snap-the-interlocking-dragon-making-game
So Clover (français),-,11C,-,(En/Fr),,,New / Party,,,https://boardgamegeek.com/boardgame/329839/so-clover
So Clover!,KB,11C,-,,,,Party,,,https://boardgamegeek.com/boardgame/329839/so-clover
So Wrong It's Right,-,-,Loft SG - 103,,,,Party / Trivia,,,https://boardgamegeek.com/boardgame/365243/so-wrong-its-right
Sobek,Overflow,Overflow,Overflow,,,,Light Strategy,,,https://boardgamegeek.com/boardgame/67185/sobek
Solar Draft,Overflow,Overflow,Overflow,,,,Light Strategy / New,,,https://boardgamegeek.com/boardgame/287732/solar-draft
Solenia,-,-,R5,,,,Light Strategy,,,https://boardgamegeek.com/boardgame/254018/solenia
Sonic the Hedgehog: Dice Rush,Overflow,Overflow,Overflow,,,,Light Strategy,,,https://boardgamegeek.com/boardgame/256875/sonic-hedgehog-dice-rush
Sorceror City,Overflow,Overflow,Overflow,,,,Strategy,,,https://boardgamegeek.com/boardgame/235014/sorcerer-city
Sorry,BE,4B,L3,(En/Fr),Y,Y,Family,,,https://boardgamegeek.com/boardgame/2407/sorry
Space Base,,-,Q2,,,,Light Strategy,,,https://boardgamegeek.com/boardgame/242302/space-base
Space Cadets Dice Duel,GC,-,-,,,,Light Strategy,,,https://boardgamegeek.com/boardgame/142079/space-cadets-dice-duel
Space Empires 4X,-,-,Top Shelf,,,,Strategy,,,https://boardgamegeek.com/boardgame/84419/space-empires-4x
Spank the Yeti,Overflow,Overflow,Overflow,,,Y,Adult,,,https://boardgamegeek.com/boardgame/215796/spank-the-yeti
Sparks,-,-,Loft SG - 102,,,,Party,,,https://boardgamegeek.com/boardgame/424877/sparks
Spartacus: A Game of Blood and Treachery,-,-,Top Shelf,,,,Strategy,,,https://boardgamegeek.com/boardgame/128671/spartacus-a-game-of-blood-and-treachery
Specific,Overflow,Overflow,Overflow,(En/Fr),,,Family,,,https://boardgamegeek.com/boardgame/192237/specific
Specter Ops,-,-,W3,,,,Strategy,,,https://boardgamegeek.com/boardgame/155624/specter-ops
Speechless,-,-,F3,,,,Party,,,https://boardgamegeek.com/boardgame/196105/speechless
"Speicherstadt, The",Overflow,Overflow,Overflow,,,,Strategy,,,https://boardgamegeek.com/boardgame/66505/the-speicherstadt
Spellbook,-,8D,-,,,,Strategy,,,https://boardgamegeek.com/boardgame/391834/spellbook
Spicy,-,-,Loft SG - 101,,,,Party,,,https://boardgamegeek.com/boardgame/299169/spicy
Spicy Dice,-,Window left of library,-,,,,Light Strategy,,,https://boardgamegeek.com/boardgame/297569/spicy-dice
Spinderella,-,-,L1,(En/Fr),,,Family,,,https://boardgamegeek.com/boardgame/171129/spinderella
Spirit Island,-,-,Top Shelf,,,,Strategy,,,https://boardgamegeek.com/boardgame/162886/spirit-island
Spit it Out,-,11D,F5,,,,Party,,,https://boardgamegeek.com/boardgame/173291/spit-it-out
Splendor,GC,7D,R4,,Y,Y,Light Strategy,,,https://boardgamegeek.com/boardgame/148228/splendor
Splendor Duel,-,2C,-,(En/Fr),,Y,Two Player,,,https://boardgamegeek.com/boardgame/364073/splendor-duel
Splendor: The Cities of Splendor Expansion,GC,-,-,,,,Light Strategy,,,https://boardgamegeek.com/boardgame/220653/splendor-cities-splendor
Splito,-,Lvl1 SG - 66,-,,,,Light Strategy,,,https://boardgamegeek.com/boardgame/359878/splito
Splurt!,KC,-,-,,,,Party,,,https://boardgamegeek.com/boardgame/251697/splurt
Spoons,-,Fireplace,-,(En/Fr),,,Family,,,https://boardgamegeek.com/boardgame/1692/spoons
SportIQ,JC,-,-,,,,Trivia,,,https://boardgamegeek.com/boardgame/242873/sportiq
Spot it / Dobble Access +,-,9A,-,(En/Fr),,,Party,,,https://boardgamegeek.com/boardgame/375753/dobble-access-plus
Spot it!,KC,Fireplace,Y2,,Y,,Party ,,,https://boardgamegeek.com/boardgame/63268/spot-it
Spot it! Connect,-,-,Loft SG - 98,(En/Fr),,,Party,,,https://boardgamegeek.com/boardgame/381429/dobble-connect
Spot it! Disney 100 Years of Wonder,-,Lvl1 SG - 64,-,(En/Fr),,,Party,,,https://boardgamegeek.com/boardgame/382419/spot-it-disney-100-years-wonder
Spot It! Friends,-,Fireplace,-,(En/Fr),,,Party,,,https://www.amazon.ca/Spot-Potter-Dobble-Zygomatic-English/dp/B08HDKG456/ref=sr_1_1_sspa?crid=3J9H61X75S1ZR&amp;keywords=spot+it%21+friends&amp;qid=1679427448&amp;sprefix=spot+it+friends%2Caps%2C111&amp;sr=8-1-spons&amp;psc=1&amp;spLa=ZW5jcnlwdGVkUXVhbGlmaWVyPUExUjBPSFVUTUpXODREJmVuY3J5cHRlZElkPUEwNjM4NTczMlNWMkc1MFNGUUNWUyZlbmNyeXB0ZWRBZElkPUEwODc2MDUzTkFWOFA4OUJTUUlTJndpZGdldE5hbWU9c3BfYXRmJmFjdGlvbj1jbGlja1JlZGlyZWN0JmRvTm90TG9nQ2xpY2s9dHJ1ZQ==
Spot it! Party,-,-,F5,,,,Party,,,https://boardgamegeek.com/boardgame/143843/spot-it-party
Spot it! Squishmallows,-,Fireplace,-,,,,Party,,,https://theop.games/products/spot-it-squishmallows?_pos=2&amp;_sid=727212989&amp;_ss=r
Spots,-,-,Loft SG - 101,,,,Light Strategy,,,https://boardgamegeek.com/boardgame/372559/spots
Spring Meadow,-,-,Top Shelf,,,,Light Strategy,,,https://boardgamegeek.com/boardgame/253684/spring-meadow
Spy Alley,Overflow,Overflow,Overflow,,,,Family,,,https://boardgamegeek.com/boardgame/1986/spy-alley
Spyfall,-,11C,F3,,,Y,Party,,,https://boardgamegeek.com/boardgame/166384/spyfall
Spyfall 2,KB,-,F3,,Y,,Party,,,https://boardgamegeek.com/boardgame/193308/spyfall-2
Spyfall: DC Spyfall,Overflow,Overflow,Overflow,,Y,,Party,,,https://boardgamegeek.com/boardgame/221371/dc-spyfall
Spyfall: Time Travel,-,-,F3,,,,Party,,,https://boardgamegeek.com/boardgame/256085/spyfall-time-travel
Squadro,Overflow,Overflow,Overflow,(En/Fr),,,Two Player,,,https://boardgamegeek.com/boardgame/245222/squadro
Squid Game,-,-,N5,,,,Light Strategy,,,https://boardgamegeek.com/boardgame/367512/squid-game
Sriracha: The Card Game,-,Fireplace,-,,,,Party,,,https://boardgamegeek.com/boardgame/347029/sriracha-the-game
Stamp Swap,-,-,V2,(En/Fr),,,Strategy,,,https://boardgamegeek.com/boardgame/426796/stamp-swap
Star Realms (2-Player),-,-,J2,,,Y ,Two Player,,,https://boardgamegeek.com/boardgame/147020/star-realms
Star Realms (4-Player),-,7E,-,,,,Light Strategy,,,https://boardgamegeek.com/boardgame/147020/star-realms
Star Trek Panic,-,-,H5,,,,Cooperative,,,https://boardgamegeek.com/boardgame/193737/star-trek-panic
Star Wars Rebellion,-,-,Top Shelf,,,,Two Player,,,https://boardgamegeek.com/boardgame/187645/star-wars-rebellion
Star Wars Trivia Game,Overflow,Overflow,Overflow,,,,Trivia,,,https://boardgamegeek.com/boardgame/187801/star-wars-trivia-game
Star Wars: Bounty Hunters,-,5D,-,(En/Fr),,,Light Strategy,,,https://boardgamegeek.com/boardgame/410655/star-wars-bounty-hunters
Star Wars: The Clone Wars,-,1A,-,,,,Cooperative,,,https://boardgamegeek.com/boardgame/370913/star-wars-clone-wars
Star Wars: The Deck Building Game,-,3A,-,,,,Two Player,,,https://boardgamegeek.com/boardgame/374173/star-wars-the-deckbuilding-game
Stardew Valley: The Board Game,-,-,W5,,,,Strategy,,,https://boardgamegeek.com/boardgame/332290/stardew-valley-board-game
Stare,Overflow,Overflow,Overflow,,,,Party,,,https://boardgamegeek.com/boardgame/2855/stare
Starfighter,-,-,Vestibule,,,,Two Player,,,https://boardgamegeek.com/boardgame/171226/starfighter
Startups,-,-,Loft SG - 101,(En/Fr),,,Light Strategy,,,https://boardgamegeek.com/boardgame/223770/startups
Stay Cool,KB,11E,E1,,,,Party,,,https://boardgamegeek.com/boardgame/267475/stay-cool
Steam Park,-,-,Q1,,,Y,Light Strategy,,,https://boardgamegeek.com/boardgame/121410/steam-park
Steam: Rails to Riches,-,-,W5,,,,Strategy,,,https://boardgamegeek.com/boardgame/27833/steam
SteamRollers,Overflow,Overflow,Overflow,,,,Strategy,,,https://boardgamegeek.com/boardgame/182704/steamrollers
Stella: Dixit Universe,-,7D,-,(En/Fr),,Y,Party,,,https://boardgamegeek.com/boardgame/329845/stella-dixit-universe
Sternhalma (Chinese Checkers),-,-,Counter,,,,Light Strategy,,,https://boardgamegeek.com/boardgame/2386/chinese-checkers
Stick 'Em,Overflow,Overflow,Overflow,,,,Light Strategy,,,https://boardgamegeek.com/boardgame/354/stick-em
Stir the Pot ,LA,-,X3,,,,Adult,,,https://relatable.com/products/stir-the-pot?srsltid=AfmBOoq5n1AE5hTqrUkus2yCZVNp5xVrRzYTEfDyWJyYn8GJYylaK4Jo
Stockpile,-,-,Q3,,,,Light Strategy,,,https://boardgamegeek.com/boardgame/161614/stockpile
Stone Age,-,8C,-,,,,Strategy,,,https://boardgamegeek.com/boardgame/34635/stone-age
Stop the Robots!,Overflow,Overflow,Overflow,,,,Family,,,https://boardgamegeek.com/boardgame/346008/stop-robots
Stop Thief!,-,-,Q3,,,,Light Strategy,,,https://boardgamegeek.com/boardgame/215312/stop-thief
Story in a Box,-,-,E5,,,,Party,,,https://boardgamegeek.com/boardgame/234771/story-box
Stratego (fantasy themed),-,3B,-,,,Y,Two Player,,,https://boardgamegeek.com/boardgame/1917/stratego
Student Bodies,Overflow,Overflow,Overflow,,,,Light Strategy,,,https://boardgamegeek.com/boardgame/132799/student-bodies
Stumblewood,KB,-,-,,,,Party ,,,https://boardgamegeek.com/boardgame/245203/stumblewood
Sub Terra,-,-,H1,,,,Cooperative,,,https://boardgamegeek.com/boardgame/204472/sub-terra
Subtext,-,-,F4,,Y,,Party,,,https://boardgamegeek.com/boardgame/265684/subtext
Suburbia,-,-,Vestibule,,,,Strategy,,,https://boardgamegeek.com/boardgame/123260/suburbia
Summoner Wars,-,-,Top Shelf,,,,Strategy,,,https://boardgamegeek.com/boardgame/58281/summoner-wars
Super Punch Fighter,-,-,R5,,,,Light Strategy,,,https://boardgamegeek.com/boardgame/276641/super-punch-fighter
Superfight,JC,-,Loft SG - 101,,Y,Y,Party ,,,https://boardgamegeek.com/boardgame/139443/superfight
Survive The Island,-,-,V3,,,,Strategy,,,https://boardgamegeek.com/boardgame/425428/survive-the-island
Survive: Escape from Atlantis!,-,8C,-,,,Y,Strategy,,,https://boardgamegeek.com/boardgame/2653/survive-escape-atlantis
Survivor: The Tribe Has Spoken,-,-,F4,,,,Party,,,https://boardgamegeek.com/boardgame/435367/survivor-the-tribe-has-spoken
Sushi Go!,GC,Lvl1 SG - 68,Loft SG - 103,(En/Fr),Y,,Light Strategy,,,https://boardgamegeek.com/boardgame/133473/sushi-go
Sushi Go! Party,GC,7C,Q1,,,Y,Light Strategy,,,https://boardgamegeek.com/boardgame/192291/sushi-go-party
Sushi Roll,-,-,Q1,,,,Light Strategy,,,https://boardgamegeek.com/boardgame/271869/sushi-roll
Sylvion,GD,-,-,,,,Cooperative / Solo / Two Player,,,https://boardgamegeek.com/boardgame/143405/sylvion
Sync,-,-,Loft SG - 102,,,,Party,,,https://boardgamegeek.com/boardgame/424878/sync
Taboo,KB,11B,F1,,Y,,Party,,,https://boardgamegeek.com/boardgame/1111/taboo
Taboo (Français),-,11B,F1,(En/Fr),,Y,Party,,,https://boardgamegeek.com/boardgame/1111/taboo
Taboo! Midnight,LC,-,-,,Y,,Adult,,,https://boardgamegeek.com/boardgame/223222/midnight-taboo
Taco Cat Goat Cheese Pizza,KC,11D,-,,,,Party,,,https://boardgamegeek.com/boardgame/253664/taco-cat-goat-cheese-pizza
Tacocat Spelled Backwards,Overflow,Overflow,Overflow,,,,Two Player,,,https://boardgamegeek.com/boardgame/333373/tacocat-spelled-backwards
Tadaaam!,Overflow,Overflow,Overflow,(En/Fr),,,Party,,,https://boardgamegeek.com/boardgame/73543/tadaaam
Tailor Master,-,3A,-,,,,Two Player,,,https://boardgamegeek.com/boardgame/417721/tailor-master
Taj Mahal,-,-,Vestibule,,,,Strategy,,,https://boardgamegeek.com/boardgame/475/taj-mahal
Takenoko,-,7B,R4,(En/Fr),Y,Y,Light Strategy,,,https://boardgamegeek.com/boardgame/70919/takenoko
"Tale of Pirates, A",Overflow,Overflow,Overflow,,,,Cooperative,,,https://boardgamegeek.com/boardgame/173096/a-tale-of-pirates
Talisman,-,-,W5,,,,Strategy,,,https://boardgamegeek.com/boardgame/27627/talisman-revised-4th-edition
Tangled Timelines,Overflow,Overflow,Overflow,,,,Light Strategy / New,,missing rules,https://boardgamegeek.com/boardgame/266651/tangled-timelines
Tangoes,Overflow,Overflow,Overflow,,,,Light Strategy,,,https://boardgamegeek.com/boardgame/983/tangoes
Tangram City,GD,-,-,,,,Light Strategy,,,https://boardgamegeek.com/boardgame/391497/tangram-city
Tapestry,-,-,Top Shelf,,,,Strategy,,,https://boardgamegeek.com/boardgame/286096/tapestry
Tapple,KD,11C,-,,,Y,Party,,,https://boardgamegeek.com/boardgame/129556/tapple
Targi,-,-,J5,,,,Two Player,,,https://boardgamegeek.com/boardgame/118048/targi
Tash-Kalar: Arena of Legends,-,-,Top Shelf,,,,Two Player,,,https://boardgamegeek.com/boardgame/146278/tash-kalar-arena-of-legends
Tatsu,-,-,Vestibule,(En/Fr),,,Two Player,,,https://boardgamegeek.com/boardgame/181811/tatsu
Taverns of Tiefenthal,-,-,Vestibule,,,,Strategy,,,https://boardgamegeek.com/boardgame/269207/taverns-tiefenthal
Tawantinsuyu: The Inca Empire ,-,-,Top Shelf,(En/Fr),,,New / Strategy,,,https://boardgamegeek.com/boardgame/306481/tawantinsuyu-the-inca-empire
Tayu,-,-,J1,(En/Fr),,,Two Player,,,https://boardgamegeek.com/boardgame/117/ta-yu
Té Con,-,-,X5,,,,Adult,,,https://boardgamegeek.com/boardgame/140840/personally-incorrect
Tea for 2,Overflow,Overflow,Overflow,(En/Fr),,,Two Player,,,https://boardgamegeek.com/boardgame/294448/tea-2
Team Story,-,12E,-,,,,Party,,,https://boardgamegeek.com/boardgame/335151/team-story
TEAM3 GREEN,-,-,G4,(En/Fr),,,Party,,,https://boardgamegeek.com/boardgame/275870/team3-green
TEAM3 PINK,JC,11D,-,(En/Fr),,,Party,,,https://boardgamegeek.com/boardgame/247694/team3-pink
Ted Lasso Party Game,Overflow,Overflow,Overflow,,,,Light Strategy,,,https://boardgamegeek.com/boardgame/357984/ted-lasso-party-game
Tekhenu: Obelisk of the Sun,-,-,Vestibule,,,,New / Strategy,,,https://boardgamegeek.com/boardgame/297030/tekhenu-obelisk-of-the-sun
Telepaths,-,-,F5,,,,Party,,,https://boardgamegeek.com/boardgame/5001/telepaths
Telestrations,KE,11B,F2,,Y,Y,Party,,,https://boardgamegeek.com/boardgame/46213/telestrations
Telestrations After Dark ,LF,13A,X4,,,Y,Adult,,,https://boardgamegeek.com/boardgame/173761/telestrations-after-dark
Telestrations Party Pack,KE,11B,F2,,Y,Y,Party,,,https://boardgamegeek.com/boardgame/153016/telestrations-12-player-party-pack
Telestrations: Upside Drawn,-,-,F2,,,,Party,,,https://boardgamegeek.com/boardgame/302463/telestrations-upside-drawn
Tell Tale,Overflow,Overflow,Overflow,,,,Party,,,https://boardgamegeek.com/boardgame/68340/tell-tale
Teotihuacan: City of Gods,-,-,Fireplace,,,,Strategy,,,https://boardgamegeek.com/boardgame/229853/teotihuacan-city-gods
Terra Mystica,-,-,Top Shelf,(En/Fr),,,Strategy,,,https://boardgamegeek.com/boardgame/120677/terra-mystica
Terra Nova,Overflow,Overflow,Overflow,,,,Strategy,,,https://boardgamegeek.com/boardgame/364186/terra-nova
Terraforming Mars,-,-,W4,,Y,,Strategy,,,https://boardgamegeek.com/boardgame/167791/terraforming-mars
Terraforming Mars: Ares Expedition,-,-,W5,,,,Strategy,,,https://boardgamegeek.com/boardgame/328871/terraforming-mars-ares-expedition
Terror in Meeple City,-,Top Shelf,-,,,Y,Light Strategy,,,https://boardgamegeek.com/boardgame/97903/terror-meeple-city
Terrors of London,-,-,Top Shelf,,,,Strategy,,,https://boardgamegeek.com/boardgame/225910/terrors-london
That Escalated Quickly,-,11C,-,,,,Cooperative / Party,,,https://boardgamegeek.com/boardgame/410382/that-escalated-quickly
That Time You Killed Me,-,3B,-,,-,,Two Player,,,https://boardgamegeek.com/boardgame/344258/time-you-killed-me
That's Not a Hat,Overflow,Overflow,Overflow,(En/Fr),,,Party,,,https://boardgamegeek.com/boardgame/375651/s-not-hat
that's what she said,-,-,X2,,,,Adult,,,https://boardgamegeek.com/boardgame/151847/s-what-she-said-game
The Crew: Family Adventure,-,14,-,,,,Cooperative / Family / New,,,https://boardgamegeek.com/boardgame/406299/the-crew-family-adventure
The Fox Experiment,-,-,Vestibule,,,,Strategy,,,https://boardgamegeek.com/boardgame/368432/the-fox-experiment
The Gang,AD,-,-,,,,Cooperative,,,https://boardgamegeek.com/boardgame/411567/the-gang
The Werewolves of Miller's Hollow,-,-,Loft SG - 108,,,,Party,,,https://boardgamegeek.com/boardgame/25821/the-werewolves-of-millers-hollow
Thebes,-,-,W4,(En/Fr),,,Strategy,,,https://boardgamegeek.com/boardgame/30869/thebes
Therapy,-,4B,-,,,,Family,,,https://boardgamegeek.com/boardgame/361173/therapy
There's a Moose in the House,Overflow,Overflow,Overflow,,,,Family,,,https://boardgamegeek.com/boardgame/12063/theres-a-moose-in-the-house
Thief's Market,Overflow,Overflow,Overflow,,,,Light Strategy,,,https://boardgamegeek.com/boardgame/182351/thiefs-market
Think Again,Overflow,Overflow,Overflow,,,,Trivia,,,https://boardgamegeek.com/boardgame/130004/think-again
Three Kingdome Redux,-,-,Top Shelf,,,,Strategy,,,https://boardgamegeek.com/boardgame/145371/three-kingdoms-redux
Through the Ages,-,-,Fireplace,,,,Strategy ,,,https://boardgamegeek.com/boardgame/182028/through-ages-new-story-civilization
Thunder and Lightning,-,-,J1,,Y,,Two Player,,,https://boardgamegeek.com/boardgame/191963/thunder-lightning
Thunderstone,-,-,Fireplace,,,,Strategy,,,https://boardgamegeek.com/boardgame/53953/thunderstone
Thurn and Taxis,-,-,W3,,,,Strategy,,,https://boardgamegeek.com/boardgame/21790/thurn-and-taxis
Tichu,-,Lvl1 SG - 69,Loft SG - 106,,,,Strategy,,,https://boardgamegeek.com/boardgame/215/tichu
Ticked Off,-,-,F5,,,,Party,,,https://boardgamegeek.com/boardgame/69973/ticked
Ticket to Ride,CF,8B,W2,,,Y,Strategy,,,https://boardgamegeek.com/boardgame/9209/ticket-ride
Ticket to Ride: Europe,-,8B,W2,,,Y,Strategy,,,https://boardgamegeek.com/boardgame/14996/ticket-ride-europe
Ticket to Ride: First Journey,-,-,L1,,,,Family,,,https://boardgamegeek.com/boardgame/205125/ticket-ride-first-journey-us
Ticket to Ride: Germany,-,-,W2,,,,Strategy,,,https://boardgamegeek.com/boardgame/225244/ticket-ride-germany
Ticket to Ride: London,-,7B,-,,,,Light Strategy,,,https://boardgamegeek.com/boardgame/276894/ticket-ride-london
"Ticket to Ride: Marklin (missing pieces, but playable. Germany is a good alternative)",Overflow,Overflow,Overflow,,,,Strategy,,,https://boardgamegeek.com/boardgame/21348/ticket-ride-marklin
Ticket to Ride: New York,GE,-,R5,,,,Two Player,,,https://boardgamegeek.com/boardgame/253284/ticket-ride-new-york
Ticket to Ride: Nordic Countries,-,-,W2,,,Y,Strategy,,,https://boardgamegeek.com/boardgame/31627/ticket-ride-nordic-countries
Tides of Time,-,Lvl1 SG - 72,J2,,,,Two Player,,,https://boardgamegeek.com/boardgame/176229/tides-time
Tie One On,-,-,F1,,,,Party,,,https://boardgamegeek.com/boardgame/23999/tie-one
Tiger Banana Pancake,KC,Lvl1 SG - 66,-,,,,Family / Party,,,https://boardgamegeek.com/boardgame/400855/tiger-banana-pancake
Tigris and Euphrates,-,-,W3,,,,Strategy,,,https://boardgamegeek.com/boardgame/42/tigris-euphrates
Tikal,-,-,W3,(En/Fr),,,Strategy,,,https://boardgamegeek.com/boardgame/54/tikal
Tikal II,-,-,Top Shelf,,,,Strategy,,,https://boardgamegeek.com/boardgame/67180/tikal-ii-lost-temple
Till the Last Gasp,-,-,i1,,,,Two Player,,,https://boardgamegeek.com/boardgame/378922/till-last-gasp
Time Bomb Evolution,KC,-,-,,,,Party,,,https://boardgamegeek.com/boardgame/231748/time-bomb-evolution
Time Division,-,-,J5,,,,Two Player,,,https://boardgamegeek.com/boardgame/391048/time-division
Time's Up! Celebrity,-,-,G4,,,,Party,,,https://boardgamegeek.com/boardgame/1353/times
Time's Up! Family Edition,-,-,G4,,,,Family / Party,,,https://boardgamegeek.com/boardgame/400733/times-up-family-edition
Time's Up! Title Recall,-,11C,G4,,,,Party,,,https://boardgamegeek.com/boardgame/400733/times-up-family-edition
Timelime: Americana,-,-,Loft SG - 105,,,,Trivia,,,https://boardgamegeek.com/boardgame/161547/timeline-americana
"Timeline (French, access +)",-,12E,-,(En/Fr),,,Trivia,,,https://boardgamegeek.com/boardgame/375752/timeline-access-plus
Timeline Canada,-,Fireplace,-,,,Y,Trivia,,,https://boardgamegeek.com/boardgame/255970/timeline-canada
Timeline Challenge,-,12A,A3,,,,Trivia,,,https://boardgamegeek.com/boardgame/173156/timeline-challenge
Timeline Twist,KC,Lvl1 SG - 70,-,,,,Trivia,,,https://boardgamegeek.com/boardgame/379290/timeline-twist
Timeline Twist (Français),-,Lvl1 SG - 70,-,(En/Fr),,,New / Trivia,,,https://boardgamegeek.com/boardgame/379290/timeline-twist
Timeline Twist: Pop Culture,-,-,Loft SG - 103,,,,Trivia,,,https://boardgamegeek.com/boardgame/379290/timeline-twist
Timeline Twist: Star Wars,-,Lvl 1 SG - 69,-,,,,Trivia,,,https://boardgamegeek.com/boardgame/409925/timeline-twist-star-wars
Timeline: American History,-,-,Loft SG - 105,,,,Trivia,,,https://boardgamegeek.com/boardgame/161546/timeline-american-history
Timeline: Diversity,-,-,Loft SG - 105,,Y,,Trivia,,,https://boardgamegeek.com/boardgame/131325/timeline-diversity
TImeline: Events,-,Fireplace,-,,,,Trivia,,,https://boardgamegeek.com/boardgame/113401/timeline-events
Timeline: Historical Events,-,Lvl1 SG - 70,-,,,,Trivia,,,https://boardgamegeek.com/boardgame/113401/timeline-events
Timeline: Innventions,-,Lvl1 SG - 70,Loft SG - 105,,,,Trivia,,,https://boardgamegeek.com/boardgame/85256/timeline-inventions
Timeline: Music and Cinenma,-,Lvl1 SG - 70,Loft SG - 105,,,,Trivia,,,https://boardgamegeek.com/boardgame/145189/timeline-music-cinema
Timeline: Science and Discoveries,-,-,Loft SG - 105,,Y,,Trivia,,,https://boardgamegeek.com/boardgame/99975/timeline-discoveries
Times To Remember,-,-,A5,,,,Trivia,,,https://boardgamegeek.com/boardgame/211/times-remember
Tinderblox,-,Lvl1 SG - 68,-,,,,Dexterity,,,https://boardgamegeek.com/boardgame/295192/tinderblox
Tiny Epic Dinosaurs,-,-,Loft SG - 104,,,,New / Strategy,,,https://boardgamegeek.com/boardgame/291508/tiny-epic-dinosaurs
Tiny Epic Kingdoms,-,-,Loft SG - 104,,Y,,Strategy,,,https://boardgamegeek.com/boardgame/148951/tiny-epic-kingdoms
Tiny Epic Mechs,-,-,Loft SG - 104,,,,New / Strategy,,,https://boardgamegeek.com/boardgame/257283/tiny-epic-mechs
Tiny Epic Pirates,-,-,Loft SG - 104,,,,New / Strategy,,,https://boardgamegeek.com/boardgame/309430/tiny-epic-pirates
Tiny Epic Quest,-,-,Loft SG - 104,,,,Strategy,,,https://boardgamegeek.com/boardgame/201921/tiny-epic-quest
Tiny Epic Western,-,-,Loft SG - 104,,,,Light Strategy,,,https://boardgamegeek.com/boardgame/180852/tiny-epic-western
Tiny Epic Zombies,-,-,Loft SG - 104,,,,Cooperative / New / Strategy,,,https://boardgamegeek.com/boardgame/244536/tiny-epic-zombies
Tiny Towns,-,-,R4,,,,Strategy,,,https://boardgamegeek.com/boardgame/265736/tiny-towns
To the Lifeboats,-,14,-,,,,New / Strategy,,,https://www.martinredfern.com/tothelifeboats/
Tobago,-,-,Top Shelf,,,,Strategy,,,https://boardgamegeek.com/boardgame/42215/tobago
Tokaido,-,8A,R2,,,Y,Light Strategy,,,https://boardgamegeek.com/boardgame/123540/tokaido
Tokaido Duo,-,3A,-,,,,Two Player,,,https://boardgamegeek.com/boardgame/363183/tokaido-duo
Tokyo Highway,-,-,R3,,,,Light Strategy,,,https://boardgamegeek.com/boardgame/261901/tokyo-highway
Tome of Calling,Overflow,Overflow,Overflow,,,,Light Strategy,,,https://boardgamegeek.com/boardgame/167666/tome-calling
Tonari,-,-,R2,(En/Fr),,,Light Strategy,,,https://boardgamegeek.com/boardgame/273993/tonari
Top Drags,Overflow,Overflow,Overflow,,,,Light Strategy,,,https://sevenyays.com/products/top-drags-card-game
Top Race,Overflow,Overflow,Overflow,,,,Light Strategy,,,https://boardgamegeek.com/boardgame/932/top-race
Top This! A Pizza Flicking Game,-,-,R3,(En/Fr),,,Light Strategy,,,https://boardgamegeek.com/boardgame/124647/top-this-a-pizza-flicking-game
Top Tier,-,11D,-,,,,Party,,,https://boardgamegeek.com/boardgame/421395/top-tier
Topple,Overflow,Overflow,Overflow,,,,Family,,,https://boardgamegeek.com/boardgame/3702/topple
Tortuga 1667,-,7B,-,,,,Light Strategy,,,https://boardgamegeek.com/boardgame/218530/tortuga-1667
"Touch of Evil, A",Overflow,Overflow,Overflow ,,,,Strategy,,,https://boardgamegeek.com/boardgame/35815/a-touch-of-evil-the-supernatural-game
Tower Brix,-,14,-,,,,Cooperative,,,https://boardgamegeek.com/boardgame/406861/towerbrix
Tower of Madness,-,Top Shelf,-,,,,Light Strategy,,,https://boardgamegeek.com/boardgame/226146/tower-madness
Tower Up,-,-,W4,(En/Fr),,,New / Strategy,,,https://boardgamegeek.com/boardgame/393307/tower-up
Town of Salem,Overflow,Overflow,Overflow,,,,Party,,,https://boardgamegeek.com/boardgame/191432/town-salem-card-game
Town of Salem NSFW,-,-,X2,,,,Adult,,,https://boardgamegeek.com/boardgame/191432/town-salem-card-game
Trailer Park Boys,Overflow,Overflow,Overflow,,,,Adult,,,https://boardgamegeek.com/boardgame/144874/trailer-park-boys-board-game
Trailer Park Wars,-,Top Shelf,-,,,,Light Strategy,,,https://boardgamegeek.com/boardgame/32146/trailer-park-wars
Train of Thought,-,-,F1,,,,Party,,,https://boardgamegeek.com/boardgame/56835/train-thought
Trambahn,-,-,J5,,Y,,Two Player,,,https://boardgamegeek.com/boardgame/175293/trambahn
Transmissions,-,-,Vestibule,(En/Fr),,,Strategy,,,https://boardgamegeek.com/boardgame/313065/transmissions
Trapwords,-,11D,G3,,,,Party,,,https://boardgamegeek.com/boardgame/257527/trapwords
Treasure Hunter,-,-,Top Shelf,,,,Strategy,,,https://boardgamegeek.com/boardgame/182189/treasure-hunter
Treasure Island,-,-,R4,,,,Light Strategy,,,https://boardgamegeek.com/boardgame/242639/treasure-island
Treasures of Cibola,-,7B,-,,,,Light Strategy,,,https://boardgamegeek.com/boardgame/281020/treasures-cibola
Très Futé / Ganz Schön Clever,-,-,Loft SG - 106,(En/Fr),Y,,Light Strategy,,,https://boardgamegeek.com/boardgame/244522/thats-pretty-clever
Trial by Trolley,-,13C,X1,,,,Adult,,,https://boardgamegeek.com/boardgame/282171/trial-by-trolley
Tribond,KD,-,G4,,,,Party,,,https://boardgamegeek.com/boardgame/1962/tribond
Tribune,Overflow,Overflow,Overflow,,,,Strategy,,,https://boardgamegeek.com/boardgame/30957/tribune-primus-inter-pares
Trigger,Overflow,Overflow,Overflow,,,,Party ,,,https://boardgamegeek.com/boardgame/81850/trigger
Trio,-,-,Loft SG - 105,,,,Light Strategy,,,https://boardgamegeek.com/boardgame/352515/trio
Trivial Pursuit Decades: 2010-2020,-,12B,A2,,,,Trivia,,,https://boardgamegeek.com/boardgame/352164/trivial-pursuit-decades-2010-to-2020
Trivial Pursuit: 2000s (English),-,12B,-,,,Y,Trivia,,,https://boardgamegeek.com/boardgame/207911/trivial-pursuit-2000s-edition
Trivial Pursuit: 2000s (Français),-,-,A3,(En/Fr),,,Trivia,,,https://boardgamegeek.com/boardgame/207911/trivial-pursuit-2000s-edition
Trivial Pursuit: 40th Anniversary Ruby Edition,-,12C,A2,,,,Trivia,,,https://boardgamegeek.com/boardgame/277064/trivial-pursuit-40th-anniversary-ruby-edition
Trivial Pursuit: Bet You Know It,-,-,B2,,,,Trivia,X,,https://boardgamegeek.com/boardgame/72448/trivial-pursuit-bet-you-know-it
Trivial Pursuit: Classic Edition,KD,12D,A2,,,Y,Trivia,,,https://boardgamegeek.com/boardgame/248702/trivial-pursuit-classic-edition
"Trivial Pursuit: Disney Edition (in poor condition, recommend Wonderful World of Disney",Overflow,Overflow,Overflow,,,,Trivia,,,https://boardgamegeek.com/boardgame/28018/trivial-pursuit-disney-edition
Trivial Pursuit: Family Edition,-,12B,-,,,,Trivia,,,https://boardgamegeek.com/boardgame/2001/trivial-pursuit-family-edition
Trivial Pursuit: Friends,-,Fireplace,Y4,,,,Trivia,,,https://boardgamegeek.com/boardgame/256214/trivial-pursuit-friends
Trivial Pursuit: Golden Girls,-,Fireplace,-,,,,Trivia,,,https://boardgamegeek.com/boardgame/268166/trivial-pursuit-golden-girls
Trivial Pursuit: Harry Potter,-,-,Y2,,,,Trivia,,,https://boardgamegeek.com/boardgame/179280/trivial-pursuit-world-harry-potter
Trivial Pursuit: Master Edition,Overflow,Overflow,Overflow,,,,Light Strategy,,,https://boardgamegeek.com/boardgame/87904/trivial-pursuit-master-edition
Trivial Pursuit: Netflix's Stranger Things – Back to The 80s Edition ,-,-,A3,,,,Trivia,,,https://boardgamegeek.com/boardgame/290557/trivial-pursuit-netflixs-stranger-things-back-to-t
Trivial Pursuit: Star Trek 50th Anniverary,-,-,Y2,,,,Trivia,,,https://boardgamegeek.com/boardgame/201973/trivial-pursuit-star-trek-50th-anniversary-edition
Trivial Pursuit: Star Wars  - The Black Series Edition,-,12B,-,,,,Trivia,,,https://boardgamegeek.com/boardgame/219348/trivial-pursuit-star-wars-the-black-series-edition
Trivial Pursuit: Star Wars Classic Trilogy,-,-,A1,,,,Trivia,,,https://boardgamegeek.com/boardgame/1297/trivial-pursuit-star-wars-classic-trilogy-collecto
Trivial Pursuit: Team,Overflow,Overflow,Overflow,,,,Trivia,,,https://boardgamegeek.com/boardgame/43927/trivial-pursuit-team
Trivial Pursuit: The Lord of The Rings,-,-,A1,,,,Trivia,,,https://boardgamegeek.com/boardgame/7336/trivial-pursuit-lord-rings-movie-trilogy-collector
Trivial Pursuit: Totally 80s,-,-,A2,,,,Trivia,,,https://boardgamegeek.com/boardgame/24376/trivial-pursuit-totally-80s-edition
Trivial Pursuit: Warner Brothers,-,-,A1,,,,Trivia,,,https://boardgamegeek.com/boardgame/5810/trivial-pursuit-warner-bros-all-family-edition
Trivial Pursuit: World of Harry Potter – Ultimate Edition,-,12C,-,,,,Trivia,,,https://boardgamegeek.com/boardgame/254195/trivial-pursuit-world-harry-potter-ultimate-editio
Trivial Pursuit: X,,Overflow,Overflow,,,,Adult,,,https://boardgamegeek.com/boardgame/253633/trivial-pursuit-x
Trogdor: The Board Game,AF,-,-,,,,Cooperative,,,https://boardgamegeek.com/boardgame/255907/trogdor-the-board-game
Trouble,BE,4B,L2,(En/Fr),Y,Y,Family,,,https://boardgamegeek.com/boardgame/1410/trouble
Troyes ,-,-,Fireplace,(En/Fr),,,Strategy,,,https://boardgamegeek.com/boardgame/73439/troyes
Truck Off: The Food Truck Frenzy,Overflow,Overflow,Overflow,,,,Light Strategy,,,https://boardgamegeek.com/boardgame/217020/truck-off-the-food-truck-frenzy
True Colors,KD,-,G5,,,,Party,,,https://boardgamegeek.com/boardgame/514/true-colors
Tsuro,GE,7B,R3,,,Y,Light Strategy,,,https://boardgamegeek.com/boardgame/16992/tsuro
Tsuro of the Seas,-,7B,R3,,,,Light Strategy,,,https://boardgamegeek.com/boardgame/124172/tsuro-seas
Tsuro: Phoenix Rising,-,-,R3,,,,Light Strategy,,,https://boardgamegeek.com/boardgame/266177/tsuro-phoenix-rising
Tu Te Mets Combien? (TTMC) (French Version of CDSK),-,12D,-,(En/Fr),,,Trivia,,,https://boardgamegeek.com/boardgame/262341/ttmc-tu-te-mets-combien
Tubyrinth,-,-,L1,(En/Fr),,,Family,,,https://boardgamegeek.com/boardgame/193161/tubyrinth
Tucano,-,-,Loft SG - 106,(En/Fr),,,Light Strategy,,,https://boardgamegeek.com/boardgame/318556/tucano
Tuki,-,7C,-,(En/Fr),,,Light Strategy,,,https://boardgamegeek.com/boardgame/270168/tuki
Tumblin Dice,-,-,Top Shelf,,,,Dexterity,,,https://boardgamegeek.com/boardgame/16747/tumblin-dice
Tussie Mussie,Overflow,Overflow,Overflow,,,,Two Player,,,https://boardgamegeek.com/boardgame/257614/tussie-mussie
Twilight Struggle,-,-,Top Shelf,,,,Two Player,,,https://boardgamegeek.com/boardgame/12333/twilight-struggle
TXT Off,-,-,G5,,,,Party,,,https://boardgamegeek.com/boardgame/183563/txt
Typecast,-,-,G5,,,,Party,,,https://boardgamegeek.com/boardgame/15370/typecast
Tzolkin,-,-,Top Shelf,,,,Strategy,,,https://boardgamegeek.com/boardgame/126163/tzolk-mayan-calendar
Uggtect,-,-,G3,,,,Party,,,https://boardgamegeek.com/boardgame/60131/ugg-tect
Uk'otoa,-,-,H1,,,,Cooperative,,,https://boardgamegeek.com/boardgame/323206/ukotoa
Ulta-Tiny Epic Galaxies,-,Lvl1 SG - 69,-,,,,Light Strategy,,,https://boardgamegeek.com/boardgame/285826/ultra-tiny-epic-galaxies
Ultimate Dibs,-,14,-,,,,Party,,,https://boardgamegeek.com/boardgame/413411/ultimate-dibs
Ultimate Warriorz,Overflow,Overflow,Overflow,(En/Fr),,,Light Strategy,,,https://boardgamegeek.com/boardgame/100679/ultimate-warriorz
Ultimate Werewolf ,iC,Lvl1 SG - 72,-,,Y,,Party,,,https://boardgamegeek.com/boardgame/152241/ultimate-werewolf
Umbrella,-,7B,-,(En/Fr),Y,,Light Strategy,,,https://boardgamegeek.com/boardgame/402125/umbrella
Unboxed,Overflow,Overflow,Overflow,,,,Cooperative,,,https://boardgamegeek.com/boardgame/386270/unboxed
Undo: Blood in the Gutter,Overflow,Overflow,Overflow,,,,Cooperative,,,https://boardgamegeek.com/boardgame/271043/undo-blood-gutter
Unearth,-,-,N5,,,,Light Strategy,,,https://boardgamegeek.com/boardgame/217085/unearth
Unexploded Cow,-,-,Loft SG - 106,,,,Light Strategy,,,https://boardgamegeek.com/boardgame/1690/unexploded-cow
Unlock! Adventures Héroîque,AF,Top Shelf,-,(En/Fr),,,Cooperative,,,https://boardgamegeek.com/boardgame/350636/unlock-game-adventures
Unlock! Epic Adventures,-,1A,-,,,,Cooperative,,,https://boardgamegeek.com/boardgame/294612/unlock-epic-adventures
Unlock! Game Adventures (see note),-,Top Shelf,-,,,,Cooperative,,,https://boardgamegeek.com/boardgame/350636/unlock-game-adventures
Unlock! Heroic Adventures,-,-,-,,,,Cooperative,,,https://boardgamegeek.com/boardgame/266121/unlock-heroic-adventures
Unlock! Kids,-,Top Shelf,-,,,,Cooperative / Family,,,https://boardgamegeek.com/boardgame/327056/unlock-kids-detective-stories
Unlock! Legendary Adventures,-,Top Shelf,-,,,,Cooperative,,,https://boardgamegeek.com/boardgame/330084/unlock-legendary-adventures
Unlock! Mystery Adventures,AF,-,-,,,,Cooperative,,,https://boardgamegeek.com/boardgame/228867/unlock-mystery-adventures
Unlock! Mythic Advenures,-,Top Shelf,-,,,,Cooperative,,,https://boardgamegeek.com/boardgame/302425/unlock-mythic-adventures
Unlock! Night of the Boogeymen,-,-,Loft SG - 107,,,,Light Strategy,,,https://boardgamegeek.com/boardgame/258412/unlock-exotic-adventures-night-boogeymen
Unlock! Squeek and Sausage,-,-,Loft SG - 107,,,,Light Strategy,,,https://boardgamegeek.com/boardgame/216092/unlock-escape-adventures-squeek-and-sausage
Unlock! Star Wars,-,Top Shelf,-,,,,Cooperative,,,https://boardgamegeek.com/boardgame/312267/star-wars-unlock
Unlock! The Adventures of Oz,-,-,Loft SG - 107,,,,Cooperative,,,https://boardgamegeek.com/boardgame/245354/unlock-secret-adventures-adventurers-oz
Unlock! The Formula,-,-,Loft SG - 107,,,,Light Strategy,,,https://boardgamegeek.com/boardgame/216091/unlock-escape-adventures-formula
Unlock! The Island of Doctor Goorse,-,-,Loft SG - 107,,,,Light Strategy,,,https://boardgamegeek.com/boardgame/216094/unlock-escape-adventures-island-doctor-goorse
Unlock! Timeless Adventures,-,Top Shelf,-,,,,Cooperative,X,,https://boardgamegeek.com/boardgame/279613/unlock-timeless-adventures
Unlock! Tombstone Express,-,-,Loft SG - 107,,,,Cooperative,,,https://boardgamegeek.com/boardgame/245353/unlock-secret-adventures-tombstone-express
Unmatched: Battle of Legends Volume One,-,-,R2,,,,Light Strategy,,,https://boardgamegeek.com/boardgame/274637/unmatched-battle-legends-volume-one
Unnatural Selection,Overflow,Overflow,Overflow,,,,Light Strategy,,,https://boardgamegeek.com/boardgame/146104/unnatural-selection
Uno,DC,Lvl1 SG - 71,Loft SG - 107,(En/Fr),Y,,Family,,,https://boardgamegeek.com/boardgame/2223/uno
UNO Flip!,-,Lvl1 SG - 72,-,(En/Fr),,,Family,,,https://boardgamegeek.com/boardgame/271460/uno-flip
UNO: Show 'Em No Mercy,-,Lvl1 SG - 72,-,(En/Fr),,,Light Strategy,,,https://boardgamegeek.com/boardgame/399088/uno-show-em-no-mercy
Unreliable Wizard,Overflow,Overflow,Overflow,,,,New / Solo / Strategy,,,https://boardgamegeek.com/boardgame/363503/unreliable-wizard
Unspeakable Words,-,-,R2,,,,Light Strategy,,,https://boardgamegeek.com/boardgame/24304/unspeakable-words
Unstable Unicorns,-,Lvl1 SG - 71,Loft SG - 106,,,Y,Light Strategy,,,https://boardgamegeek.com/boardgame/234190/unstable-unicorns
Unstable Unicorns NSFW,-,-,X3,,,Y,Adult,,,https://boardgamegeek.com/boardgame/240976/unstable-unicorns-nsfw-pack
Until Daylight,Overflow,Overflow,Overflow,,,,Cooperative,,,https://boardgamegeek.com/boardgame/260635/until-daylight
Unusual suspects,-,11A,G3,,,,Party,,,https://boardgamegeek.com/boardgame/178570/unusual-suspects
Usurp the King,-,7A,-,,,,Light Strategy,,,https://boardgamegeek.com/boardgame/279315/usurp-king
Vale of Eternity,-,7A,-,,,,Light Strategy,,,https://boardgamegeek.com/boardgame/385529/vale-eternity
Vast: The Crystal Caverns,-,-,Top Shelf,,,,Strategy,,,https://boardgamegeek.com/boardgame/170416/vast-crystal-caverns
Velonimo,-,Lvl1 SG - 71,,,,,Light Strategy,,,https://boardgamegeek.com/boardgame/323262/velonimo
Verdant,CF,-,-,,,,Light Strategy,,,https://boardgamegeek.com/boardgame/334065/verdant
Victorian Masterminds,-,-,W1,,,,New / Strategy,,,https://boardgamegeek.com/boardgame/189453/victorian-masterminds
"Viking Game, The (Hnefatafl)",Overflow,Overflow,Overflow,,,,Light Strategy,,,https://boardgamegeek.com/boardgame/2932/hnefatafl
Vikings Gone Wild,-,Top Shelf,-,,,,Strategy,,,https://boardgamegeek.com/boardgame/187377/vikings-gone-wild
Vikings: Raid & Conquer,Overflow,Overflow,Overflow,,,,Strategy,,,https://boardgamegeek.com/boardgame/205419/vikings-raid-conquer
Villa Paletti,-,-,P5,(En/Fr),,,Dexterity,,,https://boardgamegeek.com/boardgame/2596/villa-paletti
Village,-,-,Top Shelf,,,,Strategy,,,https://boardgamegeek.com/boardgame/104006/village
Viral,-,Overflow,Overflow,,,,Strategy,,,https://boardgamegeek.com/boardgame/194690/viral
VisualEyes,,Overflow,Overflow,,,,Party,,,https://boardgamegeek.com/boardgame/6566/visualeyes
Viticulture Essential Edition,-,8A,-,,,,Strategy,,,https://boardgamegeek.com/boardgame/183394/viticulture-essential-edition
Vlaanderen 1302,-,-,Vestibule,(En/Fr),,,Strategy,,,https://boardgamegeek.com/boardgame/13729/flandern-1302
Voices in My Head,,7A,-,,,,Light Strategy,,,https://boardgamegeek.com/boardgame/354254/voices-my-head
Volt,-,-,R2,,,,Strategy,,,https://boardgamegeek.com/boardgame/211454/volt
Walk the Plank,,Overflow,Overflow,,,,Family,,,https://boardgamegeek.com/boardgame/35505/walk-plank
"Walking Dead, The: The Board Game",Overflow,Overflow,Overflow,,,,Strategy,,,https://boardgamegeek.com/boardgame/99120/the-walking-dead-the-board-game
Walls of York,GF,-,Top Shelf,,,,Light Strategy,,,https://boardgamegeek.com/boardgame/247980/walls-york
Wandering Towers,-,7A,-,(En/Fr),,,Light Strategy,,,https://boardgamegeek.com/boardgame/355483/wandering-towers
War Chest,-,-,Counter,,,,Strategy,,,https://boardgamegeek.com/boardgame/249259/war-chest
Warband: Against the Darkness,Overflow,Overflow,Overflow,,,,Strategy ,,,https://boardgamegeek.com/boardgame/153905/warband-against-the-darkness
Warrior Knights,Overflow,Overflow,Overflow,,,,Strategy,,,https://boardgamegeek.com/boardgame/22038/warrior-knights
Wartime: The Battle of Valyance Vale,-,-,Top Shelf,,,,Two Player,,,https://boardgamegeek.com/boardgame/218503/wartime-the-battle-of-valyance-vale
Wasteland Delivery Service,-,-,Vestibule,,,,Strategy,,,https://boardgamegeek.com/boardgame/195560/wasteland-express-delivery-service
Waterfall Park,-,8A,-,,,,Light Strategy,,,https://boardgamegeek.com/boardgame/396618/waterfall-park
Watergate,-,-,J1,,,,Two Player,,,https://boardgamegeek.com/boardgame/274364/watergate
Wavelength,KE,11A,G3,(En/Fr),,,Party,,"French verion is ""Longeur D'Onde""",https://boardgamegeek.com/boardgame/262543/wavelength
Wazabi ,-,Overflow,Overflow,(En/Fr),,,Light Strategy,,,https://boardgamegeek.com/boardgame/48979/wazabi
We Can Play: Women Who Changed the World,-,Loft SG - 108,-,,,,Trivia,,,https://boardgamegeek.com/boardgame/338690/we-can-play-women-who-changed-the-world
We Didn't Playtest This At All,-,-,Loft SG - 83,,,,Light Strategy,,,https://boardgamegeek.com/boardgame/31016/we-didnt-playtest-all
We're Not Really Strangers,iC,Lvl1 SG - 72,Loft SG - 108,,,,Party,,,https://www.werenotreallystrangers.com
Weinhandler,Overflow,Overflow,Overflow,,,,Light Strategy,,,https://boardgamegeek.com/boardgame/600/die-weinhandler
Welcome Back to the Dungeon,-,-,Loft SG - 108,,,,Light Strategy,,,https://boardgamegeek.com/boardgame/195043/welcome-back-dungeon
Welcome to the Dungeon,DC,-,-,,Y,,Light Strategy,,,https://boardgamegeek.com/boardgame/150312/welcome-dungeon
Welcome To...,-,-,Loft SG - 108,,,,Light Strategy,,,https://boardgamegeek.com/boardgame/233867/welcome
Werewolves,-,-,Loft SG - 108,,Y,,Party,,,https://boardgamegeek.com/boardgame/925/werewolf
Werewords,-,-,Loft SG - 108,,,,Party,,,https://boardgamegeek.com/boardgame/245422/werewords-deluxe-edition
Whale Riders: The Card Game,-,-,Loft SG - 83,(En/Fr),,,Light Strategy / New,,,https://boardgamegeek.com/boardgame/310031/whale-riders-the-card-game
What Do You Meme?,LC,13D,X1,,Y,Y,Adult,,,https://boardgamegeek.com/boardgame/226610/what-do-you-meme
What Do You Meme? Game of Thrones,-,-,X1,,,Y,Adult,,,https://boardgamegeek.com/boardgame/254550/what-do-you-meme-game-thrones-photo-expansion-pack
What Do You Meme? Rick and Morty,Overflow,Overflow,Overflow,,,,Adult,,,https://boardgamegeek.com/boardgame/262821/what-do-you-meme-rick-and-morty-photo-expansion-pa
What Do You Meme? Stoner Pack,Overflow,Overflow,Overflow,,,,Adult,,,https://boardgamegeek.com/boardgameexpansion/242578/what-do-you-meme-stoner-expansion-pack
What the Cup?,KF,-,-,,,,Light Strategy,,,https://boardgamegeek.com/boardgame/389198/what-cup
What's Yours Like ,KF,-,-,,Y,,Party,,,https://boardgamegeek.com/boardgame/27826/whats-yours-like
Whatzit,KF,-,-,,,,Party,,,https://boardgamegeek.com/boardgame/1826/whatzit
Wheels vs Doors?,KF,-,-,,,,Trivia,,,https://boardgamegeek.com/boardgame/367619/wheels-vs-doors
When I Dream,-,-,G2,,,,Party,,,https://boardgamegeek.com/boardgame/198454/when-i-dream
Whistle Stop,-,-,Top Shelf,,,,Strategy,,,https://boardgamegeek.com/boardgame/221318/whistle-stop
Whitehall Mystery,-,-,W3,,,,Strategy,,,https://boardgamegeek.com/boardgame/190082/whitehall-mystery
Who Can Do It?,-,13B,-,,,,Adult / Party,,,https://dssgames.com/products/who-can-do-it
Who Did It..?,Overflow,Overflow,Overflow,,,,Light Strategy,,,https://boardgamegeek.com/boardgame/23802/who-did-it
Who Should We Eat?,-,1C,-,,,,Cooperative,,,https://boardgamegeek.com/boardgame/230275/who-should-we-eat
Who'd You Rather,LF,-,-,,,,Adult,,,https://boardgamegeek.com/boardgame/89017/whod-you-rather
Who's Most LIkely to... Voting Edition,KD,-,-,,,,Party,,,https://www.mindgames.ca/whos-most-likely-to-voting-edition/?srsltid=AfmBOorXR4YWUjozb2JWnr6RYwATwCSvRUB3IC_GG1NXCfFIYLNcn31F
Whoville-opoly,Overflow,Overflow,Overflow,,,,Family,,,https://boardgamegeek.com/boardgame/15783/whoville-opoly
Why Are You Like This?,-,11D,-,,,,Party,,,https://boardgamegeek.com/boardgame/425079/why-are-you-like-this
Wildstyle,-,-,Vestibule,,,,Light Strategy,,,https://boardgamegeek.com/boardgame/366782/wildstyle
Wilmot's Warehouse,AF,-,-,,,,Cooperative,,,https://boardgamegeek.com/boardgame/424975/wilmots-warehouse/files
Wings of War: Famous Aces,Overflow,Overflow,Overflow,(En/Fr),,,Two Player,,,https://boardgamegeek.com/boardgame/9203/wings-of-war-famous-aces
Wingspan,-,8A,W1,,Y,,Light Strategy,,,https://boardgamegeek.com/boardgame/266192/wingspan
Wits and Wagers Deluxe Edition,-,12A,G1,,,Y,Party,,,https://boardgamegeek.com/boardgame/20100/wits-wagers
Wizard Deluxe,-,4A,-,(En/Fr),,,Family,,,https://boardgamegeek.com/boardgame/1465/wizard
Wizards of the Grimoire,BB,-,-,,,,Light Strategy,,,https://boardgamegeek.com/boardgame/340541/wizards-grimoire
"Wolves, The",-,Top Shelf,-,,,,Strategy,,,https://boardgamegeek.com/boardgame/368058/the-wolves
Wonderful World of Disney Trivia Game,-,-,Counter,,,Y,Trivia,,,https://boardgamegeek.com/boardgame/5856/the-wonderful-world-of-disney-trivia-game
Wondrous Creatures,-,-,W1,,,,Strategy,,,https://boardgamegeek.com/boardgame/400366/wondrous-creatures
Word Colony,-,14,-,,,,New / Trivia,,,https://boardgamegeek.com/boardgame/337666/word-colony
Word on the Street,GE,7A,R1,,,,Light Strategy,,,https://boardgamegeek.com/boardgame/40990/word-street
Word Rush,-,12A,G2,,,,Light Strategy,,,https://boardgamegeek.com/boardgame/235809/word-rush
Word Slam,-,12F,G2,,,,Party,,,https://boardgamegeek.com/boardgame/203411/word-slam
Word Traveler,-,11A,-,,,,Light Strategy,,,https://boardgamegeek.com/boardgame/400508/word-traveler
Word X Change,Overflow,Overflow,Overflow,,,,Party,,,https://boardgamegeek.com/boardgame/4092/wordxchange
Wordle,-,-,R1,,,,Family,,,https://boardgamegeek.com/boardgame/367033/wordle-party-game
Words Apart,-,13B,-,,,,Adult,,,https://boardgamegeek.com/boardgame/381839/words-apart
Words Are Hard,-,-,Loft SG - 108,,,,Party,,,https://boardgamegeek.com/boardgame/423922/words-are-hard
World Monuments,-,Top Shelf,-,(En/Fr),,,Strategy,,,https://boardgamegeek.com/boardgame/192351/world-monuments
World of Warcraft: Wrath of the Lich King,AE,-,-,,,,Cooperative,,A pandemic system game,https://boardgamegeek.com/boardgame/342848/world-warcraft-wrath-lich-king
Wreckage,Overflow,Overflow,Overflow,,,,Light Strategy,,,https://boardgamegeek.com/boardgame/8593/wreckage
Wrong Answers Only,-,-,G2,,,,Party,,,https://store.asmodee.com/products/wrong-answers-only
WTF (What the Fish!),Overflow,Overflow,Overflow,,,,Light Strategy,,,https://boardgamegeek.com/boardgame/230864/wtf-what-the-fish
Wuzzled,-,14,-,,,,Light Strategy / New,,,https://boardgamegeek.com/boardgame/401018/wuzzled
Wyrmspan,-,-,W1,,Y,,Light Strategy,,,https://boardgamegeek.com/boardgame/410201/wyrmspan
Xi'an: Terracotta Army,-,-,Top Shelf,,,,Light Strategy,,,https://boardgamegeek.com/boardgame/234828/xi
Xoom Cubes,-,-,Loft SG - 83,,,,Light Strategy,,,https://boardgamegeek.com/boardgame/152822/xoom-cubes
Ya Blew It!,-,window left of library,-,,,,Light Strategy,,,https://boardgamegeek.com/boardgame/247191/ya-blew-it
Yago Pool,-,-,Floor next to Small Games Shelf,(En/Fr),,,Dexterity,,,https://boardgamegeek.com/boardgame/87926/yago-pool
Yahtzee,-,4A,L1,(En/Fr),,,Family,,,https://boardgamegeek.com/boardgame/2243/yahtzee
Yahtzee Words,-,,L1,,,,Family,,,https://boardgamegeek.com/boardgame/1837/word-yahtzee
Yak,-,Top Shelf,-,,,,Light Strategy,,,https://boardgamegeek.com/boardgame/351038/yak
Yamatai,-,Top Shelf,-,,,,Strategy,,,https://boardgamegeek.com/boardgame/213893/yamatai
Yaxha,-,-,R1,(En/Fr),,,Light Strategy,,,https://boardgamegeek.com/boardgame/420061/yaxha
Ygdrassil,-,-,Top Shelf,,,,Cooperative,,,https://boardgamegeek.com/boardgame/71671/yggdrasil
Yinsh,-,-,J1,,,,Two Player,,,https://boardgamegeek.com/boardgame/7854/yinsh
Yogi,Overflow,Overflow,Overflow,,,,Party,,,https://boardgamegeek.com/boardgame/224271/yogi
"You Can't Say ""Umm...""",-,14,-,,,,Party,,,https://boardgamegeek.com/boardgame/397376/you-cant-say-umm
You Don't Say,-,-,G1,(En/Fr),,Y,Party,,,https://boardgamegeek.com/boardgame/186011/you-dont-say
You Lying Sack!,Overflow,Overflow,Overflow,,,,Party,,,https://boardgamegeek.com/boardgame/374001/you-lying-sack
You Must Be an Idiot,-,-,G1,,,,Party,,,https://boardgamegeek.com/boardgame/20881/you-must-be-idiot
You're Pulling My Leg,-,-,G1,,,,Party,,,https://boardgamegeek.com/boardgame/20807/youre-pulling-my-leg
You've Got Crabs,Overflow,Overflow,Overflow,,,,Adult,,,https://boardgamegeek.com/boardgame/246759/youve-got-crabs
Yummy Yummy Monster Tummy,Overflow,Overflow,Overflow,,,,Cooperative / Family,,,https://boardgamegeek.com/boardgame/344254/yummy-yummy-monster-tummy
Zangle,-,-,Loft SG - 83,,,,Light Strategy,,,https://boardgamegeek.com/boardgame/267006/zangle
Zen Garden,Overflow,Overflow,Overflow,,,,Light Strategy,,,https://boardgamegeek.com/boardgame/134618/zen-garden
Zendo,-,-,R1,,,,Light Strategy,,,https://boardgamegeek.com/boardgame/6830/zendo
Zombicide,-,-,Top Shelf,,,,Cooperative,,,https://boardgamegeek.com/boardgame/113924/zombicide
Zombie Dice,-,Fireplace,-,,,Y,Light Strategy,,,https://boardgamegeek.com/boardgame/62871/zombie-dice
Zombie in My Pocket,Overflow,Overflow,Overflow,,,,Cooperative,,,https://boardgamegeek.com/boardgame/41372/zombie-my-pocket
Zombie Survival,-,Top Shelf,-,,,,Strategy,,,https://boardgamegeek.com/boardgame/79312/zombie-survival-the-board-game
Zombies!!!,-,-,Loft SG - 83,,,,Light Strategy,,,https://boardgamegeek.com/boardgame/2471/zombies
Zombies!!! 3,Overflow,Overflow,Overflow,,,,Light Strategy,,,https://boardgamegeek.com/boardgame/6113/zombies-3-mall-walkers
Zooloretto,GF,-,-,,,Y,Light Strategy,,,https://boardgamegeek.com/boardgame/27588/zooloretto
,,,,,,,,,,
,,,,,,,,,,
,,,,,,,,,,
,,,,,,,,,,
,,,,,,,,,,
,,,,,,,,,,
,,,,,,,,,,
,,,,,,,,,,
,,,,,,,,,,
,,,,469,,,,,,